"link";"price";"crawled_date"
"https://www.flipkart.com/skullcandy-ink-d-headset-mic/p/itme01dda3649531?pid=ACCF6C2RPTTEAHHM";1050;"2021-06-07"
"https://www.flipkart.com/zebronics-yoga-bluetooth-headset/p/itm4705a866d75ff?pid=ACCFUHZWNWKSGWHD";1388;"2021-06-07"
"https://www.flipkart.com/zebronics-zeb-yoga-101-bluetooth-headset/p/itm3afbdaab34536?pid=ACCFWYYCSUJKG9VZ";1299;"2021-06-07"
"https://www.flipkart.com/sony-wi-c200-bluetooth-headset/p/itm824a12ad984b5?pid=ACCFGWBD7KZ4GNYQ";2075;"2021-06-07"
"https://www.flipkart.com/zebronics-zeb-yoga-90-pro-gray-bluetooth-headset/p/itm88d691a05e629?pid=ACCFYUWDDRWQZG7Y";1099;"2021-06-07"
"https://www.flipkart.com/zebronics-zeb-buds-c-type-wired-earphone-volume-control-black-headset/p/itmd0027f01c6ebc?pid=ACCGFYPNSJAKHAZZ";559;"2021-06-07"
"https://www.flipkart.com/sony-wi-xb400-extra-bass-wireless-stereo-headset-bluetooth/p/itm855cb24840c67?pid=ACCFH5QH2AXK23Y2";3849;"2021-06-07"
"https://www.flipkart.com/zebronics-zeb-gravity-bluetooth-headset/p/itm28db0694499ae?pid=ACCFVPMTGEUCKWGF";842;"2021-06-07"
"https://www.flipkart.com/boat-bassheads-242-wired-headset/p/itm2362337212863?pid=ACCFUXTXFQKRXSA9";549;"2021-06-07"
"https://www.flipkart.com/sony-ex155-wired-headset/p/itmab12708674f9d?pid=ACCEVAEWCBH7WR3K";1099;"2021-06-07"
"https://www.flipkart.com/sony-c400-bluetooth-headset/p/itm0706002957211?pid=ACCF4PEKWXQNHZAC";3299;"2021-06-07"
"https://www.flipkart.com/jbl-t500bt-bluetooth-headset/p/itm85c11620070a8?pid=ACCFD84RYHXHFB6D";2990;"2021-06-07"
"https://www.flipkart.com/bose-soundsport-bluetooth-headset/p/itm8a06433f2f6b0?pid=ACCEJ9YYRZWVYEGS";13275;"2021-06-07"
"https://www.flipkart.com/zebronics-zeb-preksha-2-0-bluetooth-headset/p/itm239e5c0c7504f?pid=ACCFZGSJAM2PGVPJ";1099;"2021-06-07"
"https://www.flipkart.com/zebronics-zeb-fashion-bluetooth-headset/p/itmedc99cecac8d3?pid=ACCFG8UTE5R4T9WN";749;"2021-06-07"
"https://www.flipkart.com/sony-mdr-zx300ip-w-headphones-microphone-smart-phones-wired-headset/p/itmbb4bed9b63572?pid=ACCFGGS58HRGZ5U9";0;"2021-06-07"
"https://www.flipkart.com/zebronics-zeb-lily-ear-design-wired-stereo-earphone-headset/p/itmb5c0c03d871f8?pid=ACCFWVH8GYZ2NBMT";281;"2021-06-07"
"https://www.flipkart.com/jbl-live-100bt-bluetooth-headset/p/itmd95f74962294b?pid=ACCGY6G7TAHZHGFE";1913;"2021-06-07"
"https://www.flipkart.com/zebronics-zeb-calyx-wired-headset/p/itm9d5daef64232f?pid=ACCFKTFQ6ZPYPBCZ";169;"2021-06-07"
"https://www.flipkart.com/zebronics-bass-booster-temptation-wired-headset/p/itmcaa3ecc2f04a4?pid=ACCFD7TF4H4Q6ZEF";319;"2021-06-07"
"https://www.flipkart.com/zebronics-zeb-lily-wired-headset/p/itmee8d76a9fdb66?pid=ACCFUYZ7YT4X4VTW";389;"2021-06-07"
"https://www.flipkart.com/sennheiser-cx-80s-wired-headset/p/itmec98ffc56f634?pid=ACCFNV8NXGNEG9TY";1490;"2021-06-07"
"https://www.flipkart.com/zebronics-zeb-paradise-bluetooth-headset/p/itm695cdeaf6338c?pid=ACCFPGX37KSSGZ5J";885;"2021-06-07"
"https://www.flipkart.com/zebronics-zeb-pleasant-headphone-wired-headset/p/itm8f8f5e8a137df?pid=ACCFX78F973NBHWM";399;"2021-06-07"
"https://www.flipkart.com/skullcandy-cassette-wireless-bluetooth-headset/p/itm38fd1ce3f337d?pid=ACCFXYP7GHPXBHAH";3099;"2021-06-07"
"https://www.flipkart.com/boat-bassheads-104-wired-headset/p/itm67826a218b940?pid=ACCGF76YABBG7GK9";399;"2021-06-07"
"https://www.flipkart.com/zebronics-zeb-calxy-wired-headset/p/itmf31eabd28db01?pid=ACCFK8745B6YK5TQ";228;"2021-06-07"
"https://www.flipkart.com/zebronics-zeb-all-rounder-usb-mic-wired-headset/p/itm0bca9119b5701?pid=ACCFXJ24M8J2ZA7U";1090;"2021-06-07"
"https://www.flipkart.com/zebronics-bh370-bluetooth-headset/p/itm3e43564396678?pid=ACCEDNZ5QSHKW2AY";1125;"2021-06-07"
"https://www.flipkart.com/zebronics-corolla-earphones-mic-wired-headset/p/itma694f1279670b?pid=ACCFW7GGWN72QCMJ";249;"2021-06-07"
"https://www.flipkart.com/jbl-live-500bt-voice-enabled-bluetooth-headset/p/itmb8959ac6c43b4?pid=ACCFFMVSZCUS7SZA";6999;"2021-06-07"
"https://www.flipkart.com/boat-rockerz-600-hd-sound-bluetooth-headset/p/itmf9d77a1021cec?pid=ACCEZ984HJUUZBFC";1999;"2021-06-07"
"https://www.flipkart.com/boat-bassheads-182-wired-headset/p/itm0188344124e90?pid=ACCFDJ9QBGS4FXXJ";499;"2021-06-07"
"https://www.flipkart.com/boat-rockerz-275v2-bluetooth-headset/p/itmacd89d6b27950?pid=ACCFNF6UDUJVQ5ZM";1899;"2021-06-07"
"https://www.flipkart.com/zebronics-zeb-petal-wired-headset/p/itmdaf2659d868dc?pid=ACCFK852STYEP64W";399;"2021-06-07"
"https://www.flipkart.com/zebronics-zeb-yoga-blue-bluetooth-headset/p/itm002c79f2fde60?pid=ACCFYATBPY532YDH";1395;"2021-06-07"
"https://www.flipkart.com/skullcandy-ink-d-headset-mic/p/itm07610a233f25a?pid=ACCDDEHYNWWRKGTV";1199;"2021-06-07"
"https://www.flipkart.com/sony-mdr-ex155ap-gaming-earphones-clear-sound-extra-bass-mic-wired-headset/p/itmdc8d45dd75c8f?pid=ACCG3Y4HDS87ZCQ2";1225;"2021-06-07"
"https://www.flipkart.com/jbl-tune-125bt-bluetooth-headset/p/itm7050e98107bd1?pid=ACCFWREJBW4XB6J7";1699;"2021-06-07"
"https://www.flipkart.com/zebronics-zeb-elegance-wired-headset/p/itm2237b9ffd8c29?pid=ACCFUGG4VPGFSXSJ";765;"2021-06-07"
"https://www.flipkart.com/zebronics-ex-bluetooth-headset/p/itmcfcb84c781fac?pid=ACCF5DUU792KXJMM";597;"2021-06-07"
"https://www.flipkart.com/sony-ex15ap-wired-without-mic-headset/p/itm58bd9d5393698?pid=ACCDPAF63TYQNQF4";885;"2021-06-07"
"https://www.flipkart.com/sennheiser-momentum-m3-ietw-2-active-noise-cancellation-enabled-bluetooth-headset/p/itm93bfa91024205?pid=ACCFSDG8UFRMHAYB";24990;"2021-06-07"
"https://www.flipkart.com/zebronics-zeb-soul-bluetooth-headset/p/itmb4e93aabe407c?pid=ACCFN2HH25NVTYRN";2399;"2021-06-07"
"https://www.flipkart.com/jbl-quantum-100-wired-gaming-headset/p/itm1aefd9fd9b5e0?pid=ACCFSKBYHGBTUPP5";2599;"2021-06-07"
"https://www.flipkart.com/jabra-elite-85t-advanced-active-noise-cancellation-bluetooth-headset/p/itmee3b82349bc1f?pid=ACCFZHB9ZZG4Y8UA";17999;"2021-06-07"
"https://www.flipkart.com/boat-rockerz-255f-bluetooth-headset/p/itm706e58af38ece?pid=ACCF6SZ8EFWFEPZ6";1199;"2021-06-07"
"https://www.flipkart.com/zebronics-zeb-duke-bluetooth-headset/p/itm4bac869c68828?pid=ACCFRR83BKGBGQGC";1399;"2021-06-07"
"https://www.flipkart.com/sony-xb510as-wired-headset/p/itmb91fa51059757?pid=ACCET8Z58XGABHPD";2640;"2021-06-07"
"https://www.flipkart.com/skullcandy-jib-plus-active-sport-wireless-bluetooth-headset/p/itm761043156f5e8?pid=ACCFMJGVHSM7TFZG";2295;"2021-06-07"
"https://www.flipkart.com/beats-powerbeats3-decade-collection-bluetooth-headset/p/itm23ecebda0c93e?pid=ACCFGKYFHWYUDEHZ";16500;"2021-06-07"
"https://www.flipkart.com/boat-rockerz-195-bluetooth-headset/p/itmd38d5eaff1882?pid=ACCFTV5K8XD2KSFG";1234;"2021-06-07"
"https://www.flipkart.com/skullcandy-jib-headset-mic/p/itmd612984de2d66?pid=ACCEXQ5VDCBKS8SM";774;"2021-06-07"
"https://www.flipkart.com/jbl-harman-tune-700bt-bluetooth-headset/p/itmbbd6fe76299eb?pid=ACCFPCGPRWKHGBTZ";4499;"2021-06-07"
"https://www.flipkart.com/jabra-elite-active-75t-noise-cancellation-enabled-bluetooth-headset/p/itmaa3d90fb1634f?pid=ACCFPU9YEGQVURPE";13499;"2021-06-07"
"https://www.flipkart.com/sony-ex255ap-wired-headset/p/itm16fa5b85d6b64?pid=ACCEVAEWHAGE5ZPE";1990;"2021-06-07"
"https://www.flipkart.com/zebronics-zeb-bang-bluetooth-headset-headset/p/itma4bbe77eeb391?pid=ACCFZ2TMKAFUJZQZ";1499;"2021-06-07"
"https://www.flipkart.com/jbl-tune-750btnc-bluetooth-headset/p/itm2c7c2287d5180?pid=ACCFMJBJHYWADYD9";5699;"2021-06-07"
"https://www.flipkart.com/boat-bassheads-100-wired-headset/p/itme3467cabfc2d5?pid=ACCEVQYZUUT8A284";399;"2021-06-07"
"https://www.flipkart.com/sennheiser-hd-2-30i-w-bluetooth-without-mic-headset/p/itmc87b8b4d945a9?pid=ACCES9QAGWVHYJEC";6990;"2021-06-07"
"https://www.flipkart.com/sennheiser-cx-400bt-bluetooth-headset/p/itm280216b44104f?pid=ACCFVGUUHFGJJHCK";13990;"2021-06-07"
"https://www.flipkart.com/zebronics-zeb-sound-bomb-true-wireless-bt-earphone-bluetooth-headset/p/itmc467a7e31d2b6?pid=ACCFMANZN2AHFSS7";1425;"2021-06-07"
"https://www.flipkart.com/skullcandy-s2duyk-628-wired-headset/p/itm021dca86ea235?pid=ACCFT46ZEWAZ6N9F";749;"2021-06-07"
"https://www.flipkart.com/skullcandy-ear-headphones-mic-wired-headset/p/itmca8d72a28b34a?pid=ACCFZVMXRNRFGGHY";6121;"2021-06-07"
"https://www.flipkart.com/zebronics-zeb-calyx-wired-headset-black-ear/p/itma7e55b1e458df?pid=ACCFYB97HWYMTCCQ";224;"2021-06-07"
"https://www.flipkart.com/zebronics-zeb-paradise-wirelewss-bluetooth-headset/p/itm5af8b04c64e6d?pid=ACCFV5MVZ9HCGZ4C";1050;"2021-06-07"
"https://www.flipkart.com/zebronics-storm-blue-wired-without-mic-headset/p/itm71c79ec15e838?pid=ACCECHX6VEGWMRPB";629;"2021-06-07"
"https://www.flipkart.com/boat-bassheads-104-wired-headset/p/itme0bcebe0a355e?pid=ACCGF76Y4YQ3JQJN";399;"2021-06-07"
"https://www.flipkart.com/jbl-endurance-dive-bluetooth-headset/p/itmb6d3c7ebffb68?pid=ACCF8CF7QK8KVRKQ";5891;"2021-06-07"
"https://www.flipkart.com/apple-airpods-charging-case-bluetooth-headset-mic/p/itm0ff1a0e3d5eb4?pid=ACCFF2R85H8YG4WH";12490;"2021-06-07"
"https://www.flipkart.com/boat-rockerz-450-bluetooth-headset/p/itm4ce6f3c6f6758?pid=ACCFQKGCGHHCDNHT";1499;"2021-06-07"
"https://www.flipkart.com/jbl-under-armour-sport-heart-rate-bluetooth-headset/p/itmc215df6ab738f?pid=ACCFG4DKHZSVQXHH";12999;"2021-06-07"
"https://www.flipkart.com/boat-rockerz-315-sva-google-assistant-bluetooth-headset/p/itm3da5fd3fc953e?pid=ACCFMJNNGUEMQZRF";1999;"2021-06-07"
"https://www.flipkart.com/jbl-t500-wired-headset/p/itm43964a567150c?pid=ACCFA2PPHEGDHN5H";2299;"2021-06-07"
"https://www.flipkart.com/sony-wi-c310-wireless-in-ear-headphones-mic-bluetooth-headset/p/itm0fb6927b744f2?pid=ACCG2WTAPSTU7XD2";3290;"2021-06-07"
"https://www.flipkart.com/apple-mmtn2zm-a-wired-headset/p/itmc4cc948b1bc9e?pid=ACCEMZ7HPZUZHFPM";1799;"2021-06-07"
"https://www.flipkart.com/skullcandy-ink-d-headset-mic/p/itmcfff103248e4d?pid=ACCDDEHYQ3FZF9FE";929;"2021-06-07"
"https://www.flipkart.com/zebronics-zeb-calyx-earphone-wired-headset/p/itm9dc825057b09f?pid=ACCFNDNTEACUXNRJ";215;"2021-06-07"
"https://www.flipkart.com/sennheiser-hd-2-30i-without-mic-headset/p/itmef0a39efa3eb0?pid=ACCES9QAQ68MTRHH";5999;"2021-06-07"
"https://www.flipkart.com/skullcandy-smokin-buds-2-bluetooth-headset-mic/p/itm4805bb757fd3c?pid=ACCEAD5KNGDBJYPE";3474;"2021-06-07"
"https://www.flipkart.com/jbl-endurance-jump-bluetooth-headset/p/itm288ea4523e7af?pid=ACCF8CF7GZTNNFU4";3999;"2021-06-07"
"https://www.flipkart.com/jbl-tune-115bt-bluetooth-headset/p/itm39adb6e94149a?pid=ACCFMJBJEBEJG5NK";1890;"2021-06-07"
"https://www.flipkart.com/zebronics-zeb-rhythm-wireless-bt-earphone-mic-bluetooth-headset/p/itm783063c0b17fd?pid=ACCFV5Y8QDZ4MDY6";940;"2021-06-07"
"https://www.flipkart.com/beats-mxya2zm-a-bluetooth-headset/p/itm4d33e0b748b70?pid=ACCFY7EHQYYDR8HD";21500;"2021-06-07"
"https://www.flipkart.com/skullcandy-ink-d-bluetooth-headset-mic/p/itm188cc604f56c5?pid=ACCEKZEPUEYGYHJQ";2999;"2021-06-07"
"https://www.flipkart.com/sony-mdr-ex15ap-gaming-earphones-clear-sound-extra-bass-mic-wired-headset/p/itm0f17931abbaec?pid=ACCG3YW2QYB58CK4";890;"2021-06-07"
"https://www.flipkart.com/jbl-endurance-run-wired-headset/p/itm8a6b4c228e561?pid=ACCF8CF7TWT4MSV5";1049;"2021-06-07"
"https://www.flipkart.com/zebronics-zeb-bro-wired-headset/p/itmf9380416973bb?pid=ACCFHECY3ZNGWSRH";210;"2021-06-07"
"https://www.flipkart.com/skullcandy-indy-evo-bluetooth-headset/p/itmbbe45da20e0d3?pid=ACCFWGEYZUPABFXD";6599;"2021-06-07"
"https://www.flipkart.com/boat-bassheads-100-wired-headset/p/itm932311186c12a?pid=ACCF94NHDZAGWDS4";399;"2021-06-07"
"https://www.flipkart.com/jbl-live-220bt-bluetooth-headset/p/itmd680ecb572ded?pid=ACCFKFZDSFHXRFHG";4499;"2021-06-07"
"https://www.flipkart.com/zebronics-zeb-tulip-wired-headset/p/itm511b3dbf2aa7a?pid=ACCFT7GYWRFFSD9F";299;"2021-06-07"
"https://www.flipkart.com/skullcandy-jib-headset-mic/p/itm7895dc09eb096?pid=ACCF6C86FVXGXUNJ";779;"2021-06-07"
"https://www.flipkart.com/jbl-harman-tune-700bt-bluetooth-headset/p/itmee5747acb5ae0?pid=ACCFPCGPRHPCNDHY";4799;"2021-06-07"
"https://www.flipkart.com/sony-mdr155apblack-wired-headset/p/itm7cb007dc192b2?pid=ACCF2Z2MNPHZV69F";1265;"2021-06-07"
"https://www.flipkart.com/jbl-c150si-wired-headset/p/itm4c2c40da7accf?pid=ACCEHDJPSVZ4UYXP";699;"2021-06-07"
"https://www.flipkart.com/zebronics-bluetooth-headset/p/itm476d58afc3c9c?pid=ACCFUYYKYZMAGZFZ";399;"2021-06-07"
"https://www.flipkart.com/sony-ex155-wired-headset/p/itmf0b70fe3b1f57?pid=ACCEVAEWU4VHK24E";1099;"2021-06-07"
"https://www.flipkart.com/boat-rockerz-255f-bluetooth-headset/p/itm07fd890982742?pid=ACCFN6887NJPGZGT";1234;"2021-06-07"
"https://www.flipkart.com/jabra-elite-75t-active-noise-cancellation-enabled-bluetooth-headset/p/itm690a45e8ef288?pid=ACCFNSWFBHDB8BD7";11999;"2021-06-07"
"https://www.flipkart.com/boat-bassheads-242-wired-headset/p/itm9f487ea4627ba?pid=ACCFUXTX7BAJEF4P";549;"2021-06-07"
"https://www.flipkart.com/skullcandy-ink-d-headset-mic/p/itmc722f717c6b56?pid=ACCEHGSWG7AWC4GY";999;"2021-06-07"
"https://www.flipkart.com/zebronics-zeb-bang-bluetooth-headset/p/itmc12be40c0f576?pid=ACCFKTFZX6HCA5AJ";799;"2021-06-07"
"https://www.flipkart.com/boat-rockerz-450-bluetooth-headset/p/itmdb79a9c0cb56f?pid=ACCFEHZ8GSGWMMSD";1499;"2021-06-07"
"https://www.flipkart.com/bose-quitecomfort-earbuds-active-noise-cancellation-enabled-bluetooth-headset/p/itm3a3f3bb93b33a?pid=ACCFVDF7EWCUUZXF";26990;"2021-06-07"
"https://www.flipkart.com/skullcandy-sesh-s2tdw-m723-bluetooth-headset/p/itmcc81037cd0005?pid=ACCFNFAZMY7XZQGJ";4499;"2021-06-07"
"https://www.flipkart.com/boat-rockerz-255f-pro-bluetooth-headset/p/itm61f7b7ecad425?pid=ACCFZ95MTQSX7NFD";1499;"2021-06-07"
"https://www.flipkart.com/sony-wh-ch710n-active-noise-cancellation-enabled-bluetooth-headset/p/itme94290baa4442?pid=ACCFRKMPBUCFX9XH";8990;"2021-06-07"
"https://www.flipkart.com/jbl-c50hi-wired-headset/p/itm59f107156a98c?pid=ACCFAMFQGCNEB8HM";499;"2021-06-07"
"https://www.flipkart.com/sony-wi-c200-bluetooth-headset/p/itm4870746e24d99?pid=ACCFGWBD7F3SGBRG";2149;"2021-06-07"
"https://www.flipkart.com/sony-ex255ap-wired-headset/p/itme75dd340262a3?pid=ACCEVAEWWYUHEJHT";1699;"2021-06-07"
"https://www.flipkart.com/boat-bassheads-182-wired-headset/p/itm9902fdfd61fff?pid=ACCFDJAKMFH7YVPQ";499;"2021-06-07"
"https://www.flipkart.com/sony-wf-xb700-18-hours-battery-life-bluetooth-headset/p/itm9b6c7b60f9f2d?pid=ACCFSNJEVNWCUSH7";7990;"2021-06-07"
"https://www.flipkart.com/jbl-t500-bluetooth-headset/p/itm3b802c92cd064?pid=ACCFA2PPRSTCADBA";3099;"2021-06-07"
"https://www.flipkart.com/zebronics-zeb-pleasant-headphones-double-pin-wired-headset/p/itm39c00d34bfb01?pid=ACCG2Y9EGG58TBNW";399;"2021-06-07"
"https://www.flipkart.com/sennheiser-momentum-true-wireless-bluetooth-headset/p/itm9e99e3c5e4ba0?pid=ACCFEE6F9NWWV6WP";12999;"2021-06-07"
"https://www.flipkart.com/jbl-endurance-sprint-bluetooth-headset/p/itmf8687d4187253?pid=ACCF8CF7Z6A54DQ5";3299;"2021-06-07"
"https://www.flipkart.com/zebronics-zeb-attraction-stereo-wired-headset/p/itm083d1ee9f5e8e?pid=ACCFP4ZU787GX3WX";220;"2021-06-07"
"https://www.flipkart.com/zebronics-zb-buds-20-wired-earphone-red-headset/p/itmcdba81d9544af?pid=ACCGFQ6UXGMM4YH2";399;"2021-06-07"
"https://www.flipkart.com/zebronics-zeb-duke-101-wireless-headphone-mic-bluetooth-headset/p/itm2fbc614256394?pid=ACCGFJN8ZKGVWQBD";1099;"2021-06-07"
"https://www.flipkart.com/boat-airdopes-461-bluetooth-headset/p/itm0051169c37523?pid=ACCFV5P52DW48KVG";2999;"2021-06-07"
"https://www.flipkart.com/jbl-endurance-dive-bluetooth-headset/p/itm43fb4ffbb5c97?pid=ACCF8CF73ZBWD8JJ";4999;"2021-06-07"
"https://www.flipkart.com/sony-zx110-wired-without-mic-headset/p/itm14a6fce6c58fa?pid=ACCDPUC4VJ5YGUFY";899;"2021-06-07"
"https://www.flipkart.com/boat-rockerz-450-pro-bluetooth-headset/p/itm1dd633bc66c39?pid=ACCGYUVXVVMZJRHF";1999;"2021-06-07"
"https://www.flipkart.com/jbl-jblt210gry-wired-headset/p/itma18db8490a131?pid=ACCF45EGHZKHV2UH";990;"2021-06-07"
"https://www.flipkart.com/jabra-elite-85t-advanced-active-noise-cancellation-bluetooth-headset/p/itm2f4f49dba3ae5?pid=ACCFZHB9MTAZRHM2";17999;"2021-06-07"
"https://www.flipkart.com/zebronics-bh540-wireless-earphone-bluetooth-headset/p/itm9be6a7914449f?pid=ACCF42XQZJRD5BCV";374;"2021-06-07"
"https://www.flipkart.com/zebronics-zeb-paradise-wireless-bluetooth-headset/p/itmd1605f4b5cefd?pid=ACCFV5RGGZJYS9KQ";899;"2021-06-07"
"https://www.flipkart.com/zebronics-zeb-duke-bluetooth-headset/p/itmb820aa5c30e76?pid=ACCFRR83EFREFT2U";1795;"2021-06-07"
"https://www.flipkart.com/sennheiser-hd-280-pro-headphones-wired-without-mic-headset/p/itm4c3b2b7c12907?pid=ACCEEV5V7YG8UEEQ";8500;"2021-06-07"
"https://www.flipkart.com/sony-wf-sp800n-26-hours-battery-life-active-noise-cancellation-enabled-bluetooth-headset/p/itm3524702d9dfba?pid=ACCFSNJESB5WGGDT";14990;"2021-06-07"
"https://www.flipkart.com/sony-mdr-xb550ap-wired-headset/p/itm1952165012920?pid=ACCESKHA3AKYDQQX";2999;"2021-06-07"
"https://www.flipkart.com/zebronics-zeb-supreme-wired-headset/p/itma41925953feb1?pid=ACCFPFHWNWZKXCZ4";999;"2021-06-07"
"https://www.flipkart.com/boat-airdopes-281v2-bluetooth-headset/p/itmfb1302ca57913?pid=ACCFX4ZFGNFG5KZZ";1799;"2021-06-07"
"https://www.flipkart.com/jbl-tune-660nc-bluetooth-headset/p/itm6a7e997baae2a?pid=ACCGY6G7GZRBDPZH";5999;"2021-06-07"
"https://www.flipkart.com/jbl-t50hi-wired-headset/p/itm1a543868afa98?pid=ACCFTYWVQPKAXCUE";499;"2021-06-07"
"https://www.flipkart.com/sony-c400-bluetooth-headset/p/itmd65abb025a4b5?pid=ACCEZVSEYFZE2TBJ";3299;"2021-06-07"
"https://www.flipkart.com/sony-mdr-ex15ap-gaming-earphones-clear-sound-extra-bass-mic-wired-without-headset/p/itmfd01ec003da35?pid=ACCG3Y4HZ4XSZFNC";890;"2021-06-07"
"https://www.flipkart.com/jbl-live-650bt-voice-enabled-active-noise-cancellation-bluetooth-headset/p/itm938cbe9106747?pid=ACCFFMWYHA8FM4MP";8999;"2021-06-07"
"https://www.flipkart.com/zebronics-zeb-emz10-wired-headset/p/itme97176d3aa6d5?pid=ACCFKFNZZHYCKYER";170;"2021-06-07"
"https://www.flipkart.com/zebronics-zeb-paradise-bluetooth-headset/p/itm1708bc4b4acef?pid=ACCFV2EGBYXBCFMD";920;"2021-06-07"
"https://www.flipkart.com/beats-powerbeats-pro-true-wireless-bluetooth-headset/p/itm9f954f75c59b6?pid=ACCFHJZPSYAKVFNM";21500;"2021-06-07"
"https://www.flipkart.com/jabra-talk-30-bluetooth-headset/p/itmabb605df068a6?pid=ACCFA4THYHFYMS4X";2799;"2021-06-07"
"https://www.flipkart.com/zebronics-zeb-evolve-wireless-ear-neckband-earphone-bluetooth-headset/p/itm8263a774fa207?pid=ACCGF9NY9MPHF9FQ";799;"2021-06-07"
"https://www.flipkart.com/zebronics-zeb-duke-101-wireless-headphone-mic-bluetooth-headset/p/itm8f8b4cf0998af?pid=ACCGFJMZCUJGGUVZ";1099;"2021-06-07"
"https://www.flipkart.com/zebronics-zeb-monk-active-noise-cancellation-enabled-bluetooth-headset/p/itmbb50a972782a0?pid=ACCFT7JFVMS62KFA";1999;"2021-06-07"
"https://www.flipkart.com/zebronics-zeb-envy-bluetooth-headset/p/itm3dd7228cf8cbf?pid=ACCFKTFZQDCPAT8Q";3299;"2021-06-07"
"https://www.flipkart.com/zebronics-zeb-all-rounder-wired-headset/p/itmda6dc228d8b09?pid=ACCFXENHGYUZYWWD";749;"2021-06-07"
"https://www.flipkart.com/skullcandy-venue-active-noise-cancellation-enabled-bluetooth-headset/p/itmcda5ba6ae8fdc?pid=ACCFAYGECYBTDSMS";12999;"2021-06-07"
"https://www.flipkart.com/sony-wi-c310-bluetooth-headset/p/itmcf469b67a8214?pid=ACCFGWBDA24DPSZ8";2290;"2021-06-07"
"https://www.flipkart.com/jabra-bt-2045-bluetooth-headset/p/itma35c5ab34ab8b?pid=ACCD4VQNHJGPRRRV";899;"2021-06-07"
"https://www.flipkart.com/jbl-dive-bluetooth-headset/p/itm987af7b41e874?pid=ACCF9VEWMHRMQ4EK";5490;"2021-06-07"
"https://www.flipkart.com/zebronics-earphone-grey-wired-headset/p/itma301de2e5987e?pid=ACCFEKNPGWZGYF97";450;"2021-06-07"
"https://www.flipkart.com/beats-flex-bluetooth-headset/p/itmdf07c37903f23?pid=ACCFY7EHZDU2YVSF";4499;"2021-06-07"
"https://www.flipkart.com/jbl-tune-125bt-bluetooth-headset/p/itm46176f06fbdfd?pid=ACCFWREJFD2KBQ7Q";1699;"2021-06-07"
"https://www.flipkart.com/skullcandy-anti-headphone/p/itm001e89f1c2ef6?pid=ACCEMA2ZW7FK3GKF";999;"2021-06-07"
"https://www.flipkart.com/jbl-endurance-jump-bluetooth-headset/p/itm118392c19ce64?pid=ACCF8CF7CG9HDCFH";3999;"2021-06-07"
"https://www.flipkart.com/bose-soundsport-bluetooth-headset/p/itmd32877aab7e48?pid=ACCEMF3YNBSKNWT6";13275;"2021-06-07"
"https://www.flipkart.com/skullcandy-jib-plus-active-sport-wireless-bluetooth-headset/p/itm4036f053223ee?pid=ACCFMJGVT8YPBXGH";2079;"2021-06-07"
"https://www.flipkart.com/sony-mdr-zx110-wired-without-mic-headset/p/itmf5143984e8a89?pid=ACCDPUC4HZHGX8CZ";990;"2021-06-07"
"https://www.flipkart.com/sony-mdr-zx110apw-wired-headset/p/itm66d13da2b057b?pid=ACCDQZAUYD5PUHN6";1590;"2021-06-07"
"https://www.flipkart.com/boat-airdopes-381-asap-charge-bluetooth-headset/p/itm1a3597c7a176f?pid=ACCFVGUU7SYUWQDT";1999;"2021-06-07"
"https://www.flipkart.com/boat-rockerz-335-bluetooth-headset/p/itm02ddc017b35d7?pid=ACCFTV5KZFGSMCAG";1599;"2021-06-07"
"https://www.flipkart.com/boat-bassheads-103-blue-wired-headset/p/itm21547b132f2a3?pid=ACCFGYHHKJ94GN6A";399;"2021-06-07"
"https://www.flipkart.com/zebronics-zeb-paradise-bluetooth-headset/p/itmc286371e8858e?pid=ACCFP6FBH7MGZZ3E";895;"2021-06-07"
"https://www.flipkart.com/jbl-tune-125tws-bluetooth-headset/p/itmf3a26c1169a34?pid=ACCFTWYUZ4VPEVMX";5999;"2021-06-07"
"https://www.flipkart.com/sennheiser-hd-2-30g-wired-without-mic-headset/p/itm1a74f60f34625?pid=ACCES9QAS9ZXZ5KE";6990;"2021-06-07"
"https://www.flipkart.com/jbl-tune-120tws-bluetooth-headset/p/itm474e3dd964996?pid=ACCFGQRVHHDPH9YC";6349;"2021-06-07"
"https://www.flipkart.com/skullcandy-ink-d-plus-wired-headset/p/itmae7dcbd13a3b9?pid=ACCFGHX48KSXUPAF";999;"2021-06-07"
"https://www.flipkart.com/boat-bassheads-100-wired-headset/p/itmabdfaf60777d8?pid=ACCFXEMJUKWFNZ8U";399;"2021-06-07"
"https://www.flipkart.com/sony-wi-c400-wireless-neckband-headphones-mic-bluetooth-headset/p/itm28d17b1329a48?pid=ACCG2WTA5GSS85RB";3990;"2021-06-07"
"https://www.flipkart.com/jbl-t205bt-bluetooth-headset/p/itm2a0b4443dc8d5?pid=ACCF5R5JFCCWZ8HK";1699;"2021-06-07"
"https://www.flipkart.com/zebronics-zeb-temptation-wired-headset/p/itme7adcba686f28?pid=ACCFUNVFHRFRQCHH";325;"2021-06-07"
"https://www.flipkart.com/boat-bassheads-100-chennai-super-kings-wired-headset/p/itm50e8e28eb1426?pid=ACCFF3YDK7GKYTZK";499;"2021-06-07"
"https://www.flipkart.com/zebronics-zeb-tulip-wired-headset/p/itmd513934cf0137?pid=ACCG3D93XBRTZHYJ";398;"2021-06-07"
"https://www.flipkart.com/sennheiser-hd8-dj-wired-without-mic-headset/p/itm0008dff1c4d1e?pid=ACCDUHGWYF6MQA4H";27990;"2021-06-07"
"https://www.flipkart.com/boat-airdopes-641-bluetooth-headset/p/itm46c7e695916b9?pid=ACCFZGY5GCYFVW4F";2999;"2021-06-07"
"https://www.flipkart.com/zebronics-zeb-mini-bluetooth-headset/p/itme97bcd921276b?pid=ACCFZGFBPJNUT7YQ";848;"2021-06-07"
"https://www.flipkart.com/sennheiser-hd-250bt-bluetooth-headset/p/itm435db39cab7e1?pid=ACCFVGUUEZWZFVRR";4990;"2021-06-07"
"https://www.flipkart.com/boat-rockerz-195-bluetooth-headset/p/itm581e9aab0a16a?pid=ACCFTV5KSE2ZUFTG";999;"2021-06-07"
"https://www.flipkart.com/sony-wi-xb400-bluetooth-headset/p/itmea271f7e033d1?pid=ACCFKSCG4AXHZHZ3";3649;"2021-06-07"
"https://www.flipkart.com/sony-wh-ch510-google-assistant-enabled-bluetooth-headset/p/itm5d93330224a49?pid=ACCFKYCB2JZTBVEH";2990;"2021-06-07"
"https://www.flipkart.com/jbl-e45bt-bluetooth-headset/p/itm8d652df39069c?pid=ACCEX563GVGHHGP2";5499;"2021-06-07"
"https://www.flipkart.com/zebronics-gravity-wireless-bluetooth-headset-mic-black/p/itm4f4af5c592380?pid=ACCFXH9WSZX3SSGV";999;"2021-06-07"
"https://www.flipkart.com/zebronics-zeb-fashion-gold-earphone-bluetooth-headset/p/itm758e3ae0f18a4?pid=ACCFEGJ7Q4YPRFH2";537;"2021-06-07"
"https://www.flipkart.com/zebronics-zeb-dynamic-bluetooth-headset/p/itm20a3cb55f26c6?pid=ACCFNFEGFGSVQ6YY";1149;"2021-06-07"
"https://www.flipkart.com/boat-rockerz-510-super-extra-bass-bluetooth-headset/p/itme31435f3d9796?pid=ACCEZB5HSGRXTYVF";1798;"2021-06-07"
"https://www.flipkart.com/jbl-live-25bt-bluetooth-headset/p/itm6996ca22df2ad?pid=ACCFUZS7ZPQTRNTQ";1949;"2021-06-07"
"https://www.flipkart.com/skullcandy-ink-d-plus-wired-headset/p/itm10f18eee38e32?pid=ACCFXYRWNCB9HCZF";1299;"2021-06-07"
"https://www.flipkart.com/zebronics-zeb-buds-20-wired-earphones-grey-headset/p/itm09430ccb043d9?pid=ACCGFQ7EPZUJYQRR";399;"2021-06-07"
"https://www.flipkart.com/boat-bassheads-242-wired-headset/p/itmf94c3733e5830?pid=ACCFHBK3GUQE3BUD";549;"2021-06-07"
"https://www.flipkart.com/sony-wi-sp510-bluetooth-headset/p/itme9f5ff9d3b5f7?pid=ACCFRKMPEHGYZX7Q";4990;"2021-06-07"
"https://www.flipkart.com/boat-rockerz-255f-bluetooth-headset/p/itmb1899a965705e?pid=ACCF6S3DJ6FG5Y9N";1199;"2021-06-07"
"https://www.flipkart.com/bose-sport-earbuds-bluetooth-headset/p/itm32f9c36e6c987?pid=ACCFVDF7DRZHGGTP";17990;"2021-06-07"
"https://www.flipkart.com/bose-sport-earbuds-bluetooth-headset/p/itm13d1e9c843ed9?pid=ACCFVDF7FGQ4FQEN";17990;"2021-06-07"
"https://www.flipkart.com/sony-mdr-zx110apwcin-wired-headset/p/itmdd0f03c13cba0?pid=ACCDW3HXPDYDFPFV";1490;"2021-06-07"
"https://www.flipkart.com/skullcandy-hesh-anc-bluetooth-headset/p/itmfd1e33b56c998?pid=ACCFXYZYH7ZSBF2T";10999;"2021-06-07"
"https://www.flipkart.com/jbl-live-100bt-bluetooth-headset/p/itm6e71b12f9d23e?pid=ACCGY6G77ZJHRQXV";1912;"2021-06-07"
"https://www.flipkart.com/boat-airdopes-201-earbuds-bluetooth-headset/p/itm6297d04b07e12?pid=ACCFJ4F9GWCHG8Z9";1999;"2021-06-07"
"https://www.flipkart.com/zebronics-zeb-soul-bluetooth-headset/p/itm05a2e01cb292d?pid=ACCFHRUDD6U3B67P";2399;"2021-06-07"
"https://www.flipkart.com/jbl-live-100bt-bluetooth-headset/p/itm4a737770ca71d?pid=ACCGY6G7M6WY37UU";1899;"2021-06-07"
"https://www.flipkart.com/zebronics-bolt-blue-wired-headset/p/itm365f4fb1e9472?pid=ACCFXPPMS7GHXWSN";585;"2021-06-07"
"https://www.flipkart.com/zebronics-1001h-wired-headset/p/itm10532deb09963?pid=ACCFDABTVZFHDG2U";489;"2021-06-07"
"https://www.flipkart.com/jbl-tune-225tws-bluetooth-headset/p/itm98a08736bf85b?pid=ACCFTWYUMXTCHGKF";8499;"2021-06-07"
"https://www.flipkart.com/jbl-endurance-jump-bluetooth-headset/p/itma44f678fc1e47?pid=ACCF8CF7NYEFQMKZ";3999;"2021-06-07"
"https://www.flipkart.com/jbl-endurance-dive-bluetooth-headset/p/itmbd23fdb7ab6ff?pid=ACCF8CF7QBW9ARJE";5999;"2021-06-07"
"https://www.flipkart.com/jbl-c150si-wired-headset/p/itmd402e20d50a85?pid=ACCEHDJFUPC8JSEG";699;"2021-06-07"
"https://www.flipkart.com/boat-rockerz-255f-pro-fast-charging-bluetooth-headset/p/itma6b4acbfa2348?pid=ACCFZGMYJSDR4HAS";1399;"2021-06-07"
"https://www.flipkart.com/jbl-t165bt-bluetooth-headset/p/itme65c85fada334?pid=ACCFZVS2JBZGBWFH";1825;"2021-06-07"
"https://www.flipkart.com/boat-rockerz-335-bluetooth-headset/p/itm9759d94801b05?pid=ACCFTV5KCNBYXFMC";1599;"2021-06-07"
"https://www.flipkart.com/jbl-jblt500btwht-bluetooth-headset/p/itm1f580c829aec5?pid=ACCFA2PPZ33KUZFM";2999;"2021-06-07"
"https://www.flipkart.com/jbl-t100tws-bluetooth-headset/p/itm6baa190b4f3aa?pid=ACCFRRC3HRZ3TJ6R";4099;"2021-06-07"
"https://www.flipkart.com/skullcandy-ink-d-headset-mic/p/itm573637ac16e1e?pid=ACCDDEHY6HTHYMXA";979;"2021-06-07"
"https://www.flipkart.com/sony-wh-xb700-bluetooth-headset/p/itmf3c1d10dedf9d?pid=ACCFF9F58VZQYUSJ";8990;"2021-06-07"
"https://www.flipkart.com/sony-mdr-as210-open-ear-active-sports-headphones/p/itmb2062c1950c76?pid=ACCEMGPPG4YYXZGV";790;"2021-06-07"
"https://www.flipkart.com/zebronics-zeb-sound-bomb-q-bluetooth-headset/p/itm39e678b1d549e?pid=ACCFXB62VHZSHPTG";2699;"2021-06-07"
"https://www.flipkart.com/boat-rockerz-305v2-bluetooth-headset/p/itm882f4e4d6c040?pid=ACCFTBTZMTZ6XDXX";1519;"2021-06-07"
"https://www.flipkart.com/zebronics-zeb-addiction-wired-headset/p/itmf4166953c0efd?pid=ACCFJB2CWRSMTZJU";274;"2021-06-07"
"https://www.flipkart.com/zebronics-zeb-tulip-wired-headset/p/itm1a28876ca5077?pid=ACCFT7GYXFHYXQGT";299;"2021-06-07"
"https://www.flipkart.com/sennheiser-gsp-300-wired-headset/p/itme180cb989ec14?pid=ACCESAFBQG5BV6GH";7400;"2021-06-07"
"https://www.flipkart.com/jbl-t165bt-bluetooth-headset/p/itmd4fe4ee51916a?pid=ACCFZVS2Z5ZSYV8C";1738;"2021-06-07"
"https://www.flipkart.com/sony-310ap-wired-headset/p/itmdcbbd52dd753b?pid=ACCDQZAUKTMY5VT7";949;"2021-06-07"
"https://www.flipkart.com/sony-mdrxb510asblack-wired-headset/p/itmf94fa4dba78e8?pid=ACCF2WRKNFTQYRBA";2990;"2021-06-07"
"https://www.flipkart.com/boat-100-wireless-bluetooth-headset/p/itmc74eef36bb5f9?pid=ACCFVNBQZPAKW8PG";1499;"2021-06-07"
"https://www.flipkart.com/zebronics-metallic-bluetooth-headset/p/itmc7a64559bba36?pid=ACCFEGP3SDMRKHGK";990;"2021-06-07"
"https://www.flipkart.com/sony-wi-1000xm2-active-noise-cancellation-enabled-bluetooth-headset/p/itmef6c2507ab1ef?pid=ACCFNY3N46VJCUKC";21990;"2021-06-07"
"https://www.flipkart.com/beats-powerbeats3-mnn02zm-a-bluetooth-headset/p/itm327b0ca16caae?pid=ACCEWXZF5KXBUGYU";16432;"2021-06-07"
"https://www.flipkart.com/zebronics-zeb-lark-bluetooth-headset/p/itm2f407f796475b?pid=ACCFZPHKRFMRHDBF";865;"2021-06-07"
"https://www.flipkart.com/zebronics-zeb-thunder-black-bluetooth-headset/p/itma1e5f2fbd899d?pid=ACCFBHDEHZFK6M2Y";749;"2021-06-07"
"https://www.flipkart.com/skullcandy-s2duy-l102-jib-wired-headset/p/itm7fe95eef9ebbc?pid=ACCFWHGWWWTCRTRM";799;"2021-06-07"
"https://www.flipkart.com/skullcandy-jib-wired-headphone/p/itm5c0a1e64a8bc9?pid=ACCD54JHNQKZYNH5";629;"2021-06-07"
"https://www.flipkart.com/zebronics-zeb-lark-bluetooth-supporting-earphone-mic-headset/p/itm8695d9b070d10?pid=ACCFZ8HBSZDWKURT";898;"2021-06-07"
"https://www.flipkart.com/sony-mdr-ex255ap-gaming-earphones-clear-sound-extra-bass-mic-wired-headset/p/itmfc1a35f8b5e73?pid=ACCG3Y4HKXHTKDT5";1990;"2021-06-07"
"https://www.flipkart.com/sennheiser-urbanite-xl-wireless-bluetooth-without-mic-headset/p/itmfd3fc902055f9?pid=ACCEEV5UYYZYBUUG";24990;"2021-06-07"
"https://www.flipkart.com/boat-airdopes-711-bluetooth-headset/p/itmbdb7eb906d31e?pid=ACCFVENUBR92D2CS";4999;"2021-06-07"
"https://www.flipkart.com/jbl-t110bt-wireless-pure-bass-bluetooth-headset/p/itm7736e0da1ee62?pid=ACCF2AXCU8HXAH7B";1748;"2021-06-07"
"https://www.flipkart.com/boat-bassheads-242-wired-headset/p/itmd14489e7f6d2a?pid=ACCFUXTXKEVRTKWZ";549;"2021-06-07"
"https://www.flipkart.com/zebronics-paradise-wireless-bluetooth-headset/p/itm793f50371993a?pid=ACCFV5SZZDZEMUZ4";1190;"2021-06-07"
"https://www.flipkart.com/jbl-t160bt-bluetooth-headset/p/itma9d27b49709cd?pid=ACCF5R5JWGNK6BAQ";1699;"2021-06-07"
"https://www.flipkart.com/zebronics-zeb-bang-bluetooth-headset-headset/p/itm733150ced75f0?pid=ACCFZ2TZV4KZ7D7X";1499;"2021-06-07"
"https://www.flipkart.com/zebronics-zeb-be380t-bluetooth-headset/p/itm595a9b5e0be86?pid=ACCFFYDPTY3GAFKJ";690;"2021-06-07"
"https://www.flipkart.com/zebronics-sound-bomb-s1-pro-bluetooth-without-mic-headset/p/itmbc103afd29dac?pid=ACCFXENHJ7MM9BF6";1399;"2021-06-07"
"https://www.flipkart.com/zebronics-zeb-be380t-bluetooth-headset/p/itmdca00a36d450f?pid=ACCEZHJZS3JWKUXY";675;"2021-06-07"
"https://www.flipkart.com/zebronics-zeb-bh520-wireless-bluetooth-headset/p/itm6f1bc0388b920?pid=ACCEZGGGGDZFUKC8";325;"2021-06-07"
"https://www.flipkart.com/jbl-t110-pure-bass-wired-headset/p/itmdedd7710f721d?pid=ACCFFGWEGFUUBZBQ";738;"2021-06-07"
"https://www.flipkart.com/sennheiser-audio-bluetooth-headphone-headset/p/itm9dd339f7dcaa9?pid=ACCG36HZMRY6GMRQ";0;"2021-06-07"
"https://www.flipkart.com/zebronics-zeb-1001hmv-headset-wired/p/itmeb19f02c8af2f?pid=ACCFX78NYA8YB7GQ";550;"2021-06-07"
"https://www.flipkart.com/jbl-endurance-sprint-bluetooth-headset/p/itm64fa2f1dee8bd?pid=ACCF8CF79FB3NA5N";3299;"2021-06-07"
"https://www.flipkart.com/jabra-elite-active-75t-noise-cancellation-enabled-bluetooth-headset/p/itm692cf3c604b25?pid=ACCFPU9YFPQPQVZB";13499;"2021-06-07"
"https://www.flipkart.com/zebronics-sound-bomb-s1-bluetooth-headset/p/itmb49d6e608f3db?pid=ACCFUUSHBWUYNDUJ";999;"2021-06-07"
"https://www.flipkart.com/boat-rockerz-255f-pro-bluetooth-headset/p/itm2784bc5a37ff8?pid=ACCFZ95MY8SGZQRT";1499;"2021-06-07"
"https://www.flipkart.com/sony-as210ap-sports-wired-headset/p/itm6de1ca9c239d7?pid=ACCEMGPZ7ENCKEJG";1099;"2021-06-07"
"https://www.flipkart.com/zebronics-zeb-pleasant-wired-headset/p/itma5d93df271049?pid=ACCFUACDSHH9WXEZ";399;"2021-06-07"
"https://www.flipkart.com/jbl-t450bt-extra-bass-bluetooth-headset/p/itm264ac110f3b8b?pid=ACCESGHY3JAZDR6H";2499;"2021-06-07"
"https://www.flipkart.com/skullcandy-s2jpw-m003-bluetooth-headset/p/itm645651a972a63?pid=ACCFT4DY7SG9FGAH";1619;"2021-06-07"
"https://www.flipkart.com/bose-noise-cancelling-700-anc-enabled-bluetooth-headset/p/itm963e7125fd47e?pid=ACCFGYZEGA8ZRGUT";34500;"2021-06-07"
"https://www.flipkart.com/boat-airdopes-431-bluetooth-headset/p/itme5d8d8f38e68e?pid=ACCFZGHCZSZP6JPG";1899;"2021-06-07"
"https://www.flipkart.com/sony-wh-xb900n-active-noise-cancellation-enabled-bluetooth-headset/p/itm0757e6dbe2384?pid=ACCFGYCDXCA57ZBQ";16990;"2021-06-07"
"https://www.flipkart.com/jbl-quantum-200-wired-gaming-headset/p/itma0fca4c618f77?pid=ACCFSKBYED8WWBFW";3649;"2021-06-07"
"https://www.flipkart.com/sony-wi-sp510-extra-bass-wireless-stereo-headset-bluetooth/p/itm82ced083adc09?pid=ACCG2WTA88HW2HQY";5490;"2021-06-07"
"https://www.flipkart.com/boat-rockerz-450-bluetooth-headset/p/itm722d8659a8520?pid=ACCFQKK85DSZSDHC";1499;"2021-06-07"
"https://www.flipkart.com/boat-airdopes-381-asap-charge-bluetooth-headset/p/itm229ae06496600?pid=ACCFMRFXMAGVGAEG";1999;"2021-06-07"
"https://www.flipkart.com/zebronics-pine-bluetooth-headset/p/itm4090cb904ef13?pid=ACCFVYQS2SUJ6HNN";550;"2021-06-07"
"https://www.flipkart.com/skullcandy-jibtrue-wireless-bluetooth-headset/p/itm0a2cddd6a402c?pid=ACCFYVPGHK6JFAKT";2999;"2021-06-07"
"https://www.flipkart.com/sony-mdr-zx110apbcin-wired-headset/p/itm2a1a12dd304ef?pid=ACCDW3HXKAE6EQXF";1490;"2021-06-07"
"https://www.flipkart.com/jbl-live-25bt-bluetooth-headset/p/itm0b161296a3a0f?pid=ACCFUZS7YHNAZFNJ";1999;"2021-06-07"
"https://www.flipkart.com/sony-ex155-wired-headset/p/itm172297723e337?pid=ACCEVAEW4WF88FCG";1225;"2021-06-07"
"https://www.flipkart.com/boat-airdopes-201-earbuds-bluetooth-headset/p/itm0c30c0c676135?pid=ACCFSDGSTNFEHZCH";1899;"2021-06-07"
"https://www.flipkart.com/skullcandy-s2dul-j319-wired-headset/p/itmbd25dbe6e925e?pid=ACCEJNYBYHPYX8ZV";689;"2021-06-07"
"https://www.flipkart.com/jabra-elite-65t-bluetooth-headset/p/itm702ae1b74aa6c?pid=ACCFBA52ZH2VZFXW";8999;"2021-06-07"
"https://www.flipkart.com/boat-rockerz-261-bluetooth-headset/p/itm31814e743b166?pid=ACCFBZM7FYGGTYFX";1199;"2021-06-07"
"https://www.flipkart.com/zebronics-zeb-elegance-bt-headphone-bluetooth-headset/p/itm82f417b478982?pid=ACCFJEF3XFSZVDJU";800;"2021-06-07"
"https://www.flipkart.com/skullcandy-indy-fuel-true-wireless-bluetooth-headset/p/itm4890d95a90069?pid=ACCFTUGKQWZFFYYT";7799;"2021-06-07"
"https://www.flipkart.com/boat-airdopes-131-bluetooth-headset/p/itmb5fe58a18b370?pid=ACCFSDGXX3S6DVBG";1295;"2021-06-07"
"https://www.flipkart.com/zebronics-zeb-buds-20-wired-earphone-black-headset/p/itm43526127b18dc?pid=ACCGFQ54QMHYEGMH";399;"2021-06-07"
"https://www.flipkart.com/sony-wi-c200-wireless-in-ear-headphones-mic-bluetooth-headset/p/itmfdedcde51f220?pid=ACCG2WTA4ZHECUHJ";2490;"2021-06-07"
"https://www.flipkart.com/beats-powerbeats3-bluetooth-headset/p/itmc8ec26df727a6?pid=ACCFGKYFUBJKB3QR";16500;"2021-06-07"
"https://www.flipkart.com/jbl-t500bt-bluetooth-headset/p/itmf3b34acbbe064?pid=ACCFA3MADBC7PGGN";2980;"2021-06-07"
"https://www.flipkart.com/sony-mdr-xb920-b-mdrxb920-bc-extra-bass-xb-headphones-bluetooth-without-mic-headset/p/itme087231f5723e?pid=ACCEEV5VEWQHHQXV";0;"2021-06-07"
"https://www.flipkart.com/skullcandy-jib-headset-mic/p/itm2dca06b73f10c?pid=ACCF6C84HWPABG7H";791;"2021-06-07"
"https://www.flipkart.com/zebronics-zeb-em800-wired-headset/p/itm5fd94cc7e7f78?pid=ACCF2ZA9K4SRNYZF";149;"2021-06-07"
"https://www.flipkart.com/jbl-tune-750btnc-bluetooth-headset/p/itmb7af4d63facf5?pid=ACCFMJBJAGRYT38H";5699;"2021-06-07"
"https://www.flipkart.com/boat-103-wireless-bluetooth-headset/p/itmbed807c7d607f?pid=ACCFTYB6SMMEGSKG";1199;"2021-06-07"
"https://www.flipkart.com/jbl-tune220tws-bluetooth-headset/p/itm29cc5ef0b71fd?pid=ACCFR9FBEJY5BPQH";6599;"2021-06-07"
"https://www.flipkart.com/skullcandy-chops-flex-headset-mic/p/itm658efdd8810eb?pid=ACCES9Q8PC9SFUZD";1299;"2021-06-07"
"https://www.flipkart.com/boat-100-wireless-bluetooth-headset/p/itm7aeabf4e57e7f?pid=ACCFVNBQMNPTHSRG";1499;"2021-06-07"
"https://www.flipkart.com/boat-rockerz-400-bluetooth-headset/p/itm1dadeaac34189?pid=ACCEPZB2HFHQJG5Y";1399;"2021-06-07"
"https://www.flipkart.com/boat-rockerz-510-super-extra-bass-bluetooth-headset/p/itmb88c882fd1a8a?pid=ACCEZB5QGQBDWVWD";1699;"2021-06-07"
"https://www.flipkart.com/zebronics-sound-bomb-s1-bluetooth-headset/p/itmfc94ecaedacbf?pid=ACCFURYHBQDCZSNU";999;"2021-06-07"
"https://www.flipkart.com/zebronics-zeb-gravity-bluetooth-earphone-voice-assistant-headset/p/itmcb3f56b622807?pid=ACCFWG29HWTX4RHY";999;"2021-06-07"
"https://www.flipkart.com/boat-rockerz-255f-pro-fast-charging-bluetooth-headset/p/itmce85f8010f1f0?pid=ACCFMZ5GEGCVGUHA";1299;"2021-06-07"
"https://www.flipkart.com/sony-wf-1000xm3-bluetooth-headset/p/itma9726dc3cf76f?pid=ACCFXAA8GCEZZWVY";14990;"2021-06-07"
"https://www.flipkart.com/zebronics-zeb-colt-wired-headset/p/itm235349c62875b?pid=ACCDW733X2H3YTEY";499;"2021-06-07"
"https://www.flipkart.com/zebronics-zeb-thunder-bluetooth-headset/p/itm27ee0543b2e66?pid=ACCFZV7ZBEJACGHH";820;"2021-06-07"
"https://www.flipkart.com/boat-airdopes-412-bluetooth-headset/p/itm35cc403fe4604?pid=ACCFSDGSYZEHX3CC";2999;"2021-06-07"
"https://www.flipkart.com/boat-rockerz-370-bluetooth-headset/p/itmb5f9f1f7cc638?pid=ACCFPDSFAZ8DG43U";1380;"2021-06-07"
"https://www.flipkart.com/sony-mdr-xb450ap-red-wired-headset/p/itm7453e1e077224?pid=ACCEZ7FSPHFUGZ9S";2490;"2021-06-07"
"https://www.flipkart.com/zebronics-zeb-air-duo-bluetooth-headset/p/itm537f207fd0496?pid=ACCFFRZEJQ6XPHNX";2245;"2021-06-07"
"https://www.flipkart.com/boat-airdopes-402-bluetooth-headset/p/itm32796a22c1cac?pid=ACCFSDGSN7ERVZHP";1799;"2021-06-07"
"https://www.flipkart.com/skullcandy-sesh-s2tdw-m704-bluetooth-headset/p/itm2f43b6a992253?pid=ACCFNFCYZMYQVZZQ";3299;"2021-06-07"
"https://www.flipkart.com/zebronics-zeb-grace-u-usb-headphone-adjustable-headband-wired-headset/p/itmbef033120b7aa?pid=ACCG2CC3TNGCZCZT";1180;"2021-06-07"
"https://www.flipkart.com/boat-airdopes-131-bluetooth-headset/p/itm8fa902d7d8fa8?pid=ACCFSDGXT4HZXY4J";1299;"2021-06-07"
"https://www.flipkart.com/jbl-quantum-300-wired-gaming-headset/p/itmc1978b2b3ba3c?pid=ACCFSKBYYSHUTJFM";4699;"2021-06-07"
"https://www.flipkart.com/zebronics-twin-wired-earphone-without-mic-headset/p/itma7d05c472af53?pid=ACCFMD3VWJGHAHVK";132;"2021-06-07"
"https://www.flipkart.com/jbl-live-500bt-voice-enabled-bluetooth-headset/p/itm9d66cc0fb7fa0?pid=ACCFFMWYUAZPY97Z";6999;"2021-06-07"
"https://www.flipkart.com/zebronics-zeb-symphony-bluetooth-headset/p/itma31142ddccd37?pid=ACCFGAAGPGGTMQVB";679;"2021-06-07"
"https://www.flipkart.com/sennheiser-hd-400s-wired-headset/p/itm73ddc981c138c?pid=ACCFECFESEPGFCHR";4990;"2021-06-07"
"https://www.flipkart.com/zebronics-preksha-2-0-bluetooth-headset/p/itm87ecf8fc98c52?pid=ACCFZHSVZYTWZKVH";1089;"2021-06-07"
"https://www.flipkart.com/jbl-live100-wired-headset/p/itm251821fa5be84?pid=ACCF8CF7S4HD7S5T";2099;"2021-06-07"
"https://www.flipkart.com/skullcandy-jib-headset-mic/p/itm486dd0877b0a1?pid=ACCF6C86QJCH5HJH";699;"2021-06-07"
"https://www.flipkart.com/zebronics-bro-wired-earphone-headset/p/itmb36474cd185fa?pid=ACCFZC3MZAQB7QBG";210;"2021-06-07"
"https://www.flipkart.com/sennheiser-cx-6-00bt-bluetooth-headset/p/itmb369dc2b83af0?pid=ACCF2MWPGNWEZG2J";6662;"2021-06-07"
"https://www.flipkart.com/boat-airdopes-402-bluetooth-headset/p/itmc8cac46904489?pid=ACCFSDGSNRQC3ZQE";1799;"2021-06-07"
"https://www.flipkart.com/boat-bassheads-220-super-extra-bass-wired-headset/p/itmbfc23d2aeeae3?pid=ACCEZB5MDEVSJZMQ";549;"2021-06-07"
"https://www.flipkart.com/sennheiser-hd2-30i-wired-without-mic-headset/p/itmebc273d797b23?pid=ACCES9QATECYCXRF";6990;"2021-06-07"
"https://www.flipkart.com/jbl-t100tws-bluetooth-headset/p/itmc9cc539beb729?pid=ACCFRRC3D5Q3RSGJ";4099;"2021-06-07"
"https://www.flipkart.com/jbl-quantum-50-wired-gaming-headset/p/itm7ada7fa2471c8?pid=ACCFVY4K9SMVA8FQ";1599;"2021-06-07"
"https://www.flipkart.com/zebronics-zeb-bang-bluetooth-headset/p/itmf9dd86768948c?pid=ACCFKTFZYQHZMJKC";892;"2021-06-07"
"https://www.flipkart.com/zebronics-lark-bluetooth-headset/p/itmce1ed9a2a1cfb?pid=ACCFWZFKS2E2YKHK";1080;"2021-06-07"
"https://www.flipkart.com/zebronics-zb-lily-wired-headset/p/itm6857076a97b92?pid=ACCFTYYBBHZZZTWW";281;"2021-06-07"
"https://www.flipkart.com/skullcandy-hesh-anc-bluetooth-headset/p/itmfe871b2d16a3a?pid=ACCFXYPF4W3MHGFG";10999;"2021-06-07"
"https://www.flipkart.com/sony-wh-ch510-wireless-active-noise-cancelling-headphones-mic-phone-calls-bluetooth-headset/p/itm757b4f3781d77?pid=ACCG2UK9KYNNVQA9";0;"2021-06-07"
"https://www.flipkart.com/boat-airdopes-431-bluetooth-headset/p/itmfe8b22bdf5a4d?pid=ACCFZGBJZMHMZHUN";1999;"2021-06-07"
"https://www.flipkart.com/zebronics-zeb-bro-headset-mic-wired/p/itme17b9759e4764?pid=ACCFP4UADXTMYBXK";205;"2021-06-07"
"https://www.flipkart.com/sony-wi-c600n-wireless-neckband-headphones-mic-bluetooth-headset/p/itme92ebfc7deadf?pid=ACCG2WTAFCEFPD2W";9990;"2021-06-07"
"https://www.flipkart.com/zebronics-bro-universal-wired-headset/p/itm0fb9da48c44d9?pid=ACCFSVJSZU7M3V8W";225;"2021-06-07"
"https://www.flipkart.com/sennheiser-ambeo-smart-wired-headset/p/itm132ddcb88440c?pid=ACCF3PV5TMXCHBEN";19990;"2021-06-07"
"https://www.flipkart.com/boat-rockerz-255-bluetooth-headset/p/itm3630920c4b550?pid=ACCFV9FYSZCFYPGH";1299;"2021-06-07"
"https://www.flipkart.com/zebronics-tarang-bluetooth-headphone-headset/p/itmeae104ede4aa1?pid=ACCF6BF5C6ZX8SJ4";999;"2021-06-07"
"https://www.flipkart.com/jbl-t165bt-bluetooth-headset/p/itm58620448adfb8?pid=ACCFZVS2YZTMGFM6";1739;"2021-06-07"
"https://www.flipkart.com/sony-xb510-wired-headset/p/itm7c01551ea30fb?pid=ACCESKHAMFCR8ZZY";2780;"2021-06-07"
"https://www.flipkart.com/jbl-tune-660nc-bluetooth-headset/p/itmb0719bdf111ce?pid=ACCGY6G79DUXDMUQ";5999;"2021-06-07"
"https://www.flipkart.com/jbl-t110bt-bluetooth-headset/p/itmf16e9d32d967d?pid=ACCFYXN8WNCV62FD";1785;"2021-06-07"
"https://www.flipkart.com/skullcandy-s2dul-j846-wired-headset/p/itm596d5fa3e998b?pid=ACCEJNYBZKCFFGJ6";669;"2021-06-07"
"https://www.flipkart.com/boat-airdopes-491-bluetooth-headset/p/itm124ae45fcb791?pid=ACCFZ492UVGHYJZ4";3999;"2021-06-07"
"https://www.flipkart.com/zebronics-zeb-yoga-bluetooth-headset/p/itmb841b926b7c76?pid=ACCFWXQZHPHYGWAY";1554;"2021-06-07"
"https://www.flipkart.com/boat-bassheads-220-super-extra-bass-wired-headset/p/itm5dd6ff75f88be?pid=ACCEZB5RK47Z9K9Z";549;"2021-06-07"
"https://www.flipkart.com/zebronics-zeb-thunder-wireless-bluetooth-headphone-headset/p/itm9526db494445f?pid=ACCFU84FYYN2TJVD";839;"2021-06-07"
"https://www.flipkart.com/zebronics-pleasent-wired-headset/p/itm031683263db7c?pid=ACCFVB7ZUYHFEGZ4";579;"2021-06-07"
"https://www.flipkart.com/sony-wf-sp800n-26-hours-battery-life-active-noise-cancellation-enabled-bluetooth-headset/p/itmc6a820a8b5ea4?pid=ACCFSNJETNYSDD8P";14990;"2021-06-07"
"https://www.flipkart.com/jbl-c50hi-wired-headset/p/itm29f0e9a37f6ad?pid=ACCFAMFQSGUG9D8R";499;"2021-06-07"
"https://www.flipkart.com/zebronics-storm-black-wired-without-mic-headset/p/itm1d9ff05af451e?pid=ACCECH64YTEDRZNT";619;"2021-06-07"
"https://www.flipkart.com/skullcandy-riff-mic-wired-headset/p/itmec7cecbcee134?pid=ACCFAUHHP2MVRZY9";1990;"2021-06-07"
"https://www.flipkart.com/skullcandy-jib-headset-mic/p/itme3e3dc0de085b?pid=ACCEXZYQ2AGYTJ66";783;"2021-06-07"
"https://www.flipkart.com/sony-wf-sp800n-active-noise-cancellation-enabled-bluetooth-headset/p/itma2382fec62a74?pid=ACCFSNJEYQGB8PYJ";14990;"2021-06-07"
"https://www.flipkart.com/jbl-live-400bt-voice-enabled-bluetooth-headset/p/itmd07893a6212f1?pid=ACCFFMVSRFZFHHUR";6499;"2021-06-07"
"https://www.flipkart.com/sony-wh-xb900n-active-noise-cancellation-enabled-bluetooth-headset/p/itm5677885c992f7?pid=ACCFGYCDPRSWU8GQ";16990;"2021-06-07"
"https://www.flipkart.com/jbl-tune-225tws-bluetooth-headset/p/itm7a8e6e81c6aa6?pid=ACCFTWYU6RTGPYZZ";8499;"2021-06-07"
"https://www.flipkart.com/jbl-t50hi-wired-headset/p/itmfb347c2884e45?pid=ACCFTYWVJZD8BTHS";499;"2021-06-07"
"https://www.flipkart.com/zebronics-sporty-bluetooth-earphone-ear-hook-mic-headset/p/itm60bd078942013?pid=ACCFDXRYZPNZXJ2V";1299;"2021-06-07"
"https://www.flipkart.com/zebronics-zeb-em930-wired-headset/p/itm213913c3007ff?pid=ACCFFXPEHE8EH7RR";214;"2021-06-07"
"https://www.flipkart.com/zebronics-zeb-yoga-101-bluetooth-headset/p/itm0778a6ee1534d?pid=ACCFWYYC7U2JHDTT";1299;"2021-06-07"
"https://www.flipkart.com/sony-xb55ap-wired-headset/p/itm3fe8d0d222b7a?pid=ACCEVAEWTGVPEH3P";2490;"2021-06-07"
"https://www.flipkart.com/zebronics-preksha-true-wireless-bluetooth-headset/p/itmbe4fb7bd083e5?pid=ACCFHHH3VGFBGCH7";1280;"2021-06-07"
"https://www.flipkart.com/boat-rockerz-400-super-bass-bluetooth-headset/p/itm9b6d2d1299ef8?pid=ACCEMYVMHQ34SRT3";1499;"2021-06-07"
"https://www.flipkart.com/zebronics-zeb-slinger-bluetooth-headset/p/itmcb14549daae04?pid=ACCFZHZ9E9BHTG4U";928;"2021-06-07"
"https://www.flipkart.com/jbl-tune-115bt-bluetooth-headset/p/itmcfd9f83b560c5?pid=ACCFMJBJEFQHTZ3A";1899;"2021-06-07"
"https://www.flipkart.com/skullcandy-jibtrue-wireless-bluetooth-headset/p/itm8767ed178286e?pid=ACCFYVPGQBN6BNX5";2999;"2021-06-07"
"https://www.flipkart.com/skullcandy-indy-fuel-true-bluetooth-headset/p/itm9f8b80c4a962d?pid=ACCFTUYZZDUMUHMC";7799;"2021-06-07"
"https://www.flipkart.com/jbl-tune-120tws-bluetooth-headset/p/itmea7b70544f691?pid=ACCFGQRV29ZH6VSK";6499;"2021-06-07"
"https://www.flipkart.com/sony-c400-bluetooth-headset/p/itmfdbcaf1e7a009?pid=ACCF3ZW9Y28YBJJR";3200;"2021-06-07"
"https://www.flipkart.com/zebronics-zeb-pine-bluetooth-headset/p/itm026b4d29f7cc3?pid=ACCGFGAWY4RBNCSK";680;"2021-06-07"
"https://www.flipkart.com/zebronics-em920-wired-headset/p/itmbba9b87d732de?pid=ACCF3HDMAHZTSEHC";158;"2021-06-07"
"https://www.flipkart.com/sony-wf-sp800n-extra-bass-driver-earbuds-phone-calls-waterproof-bluetooth-gaming-headset/p/itmd11b0f54d5694?pid=ACCG2UFAZHBXC6QH";18990;"2021-06-07"
"https://www.flipkart.com/sony-xb510as-wired-headset/p/itmd064a84ef8ac1?pid=ACCETA88PHGPFHWS";2799;"2021-06-07"
"https://www.flipkart.com/jbl-t160-wired-headset/p/itm19fe50ddd5f42?pid=ACCF5R5JZ8KS8TMC";749;"2021-06-07"
"https://www.flipkart.com/sony-xb550ap-mdr-xb550ap-wired-headset/p/itmab6d7f0311b12?pid=ACCET9YE7MRDXRJ6";3290;"2021-06-07"
"https://www.flipkart.com/sony-wi-sp510-bluetooth-headset/p/itm2e3b8a8c84cbd?pid=ACCFRKMPPAUQUWAU";4990;"2021-06-07"
"https://www.flipkart.com/zebronics-zeb-be350-bluetooth-headset/p/itm3a972261dbca2?pid=ACCEZF2HXAP2KDPU";549;"2021-06-07"
"https://www.flipkart.com/boat-100-wireless-bluetooth-headset/p/itm8b06cf3e00345?pid=ACCFVNBQAMYYGMZR";1424;"2021-06-07"
"https://www.flipkart.com/jbl-tune-125bt-bluetooth-headset/p/itmbba35280d9d56?pid=ACCFWREJSJAEW2NY";1699;"2021-06-07"
"https://www.flipkart.com/zebronics-zeb-be350-wireless-bluetooth-headset/p/itm8880d5b20f96c?pid=ACCEZGG4JHQC5G3X";375;"2021-06-07"
"https://www.flipkart.com/zebronics-zeb-storm-multimedia-mic-wired-headset/p/itm036482c03ab9a?pid=ACCFVY4UJUT9PNMH";652;"2021-06-07"
"https://www.flipkart.com/zebronics-sound-bomb-q-pro-bluetooth-headset/p/itmfd68e9655c6e0?pid=ACCFX7S9FKWGED6V";3300;"2021-06-07"
"https://www.flipkart.com/zebronics-zeb-rhythm-bluetooth-headset/p/itm1f5b49943ab10?pid=ACCGF8D7TRFC3QRH";940;"2021-06-07"
"https://www.flipkart.com/sony-mdr-ex15ap-black-wired-headset/p/itma82b469711ce8?pid=ACCEZ6YHGBQU6UQH";875;"2021-06-07"
"https://www.flipkart.com/sony-wf-sp800n-extra-bass-driver-earbuds-phone-calls-waterproof-bluetooth-gaming-headset/p/itm6c36ebcca0e3d?pid=ACCG2UFAW5VZV2JE";18990;"2021-06-07"
"https://www.flipkart.com/boat-rockerz-255-bluetooth-headset/p/itmabcb491f84f49?pid=ACCFV9FYMT9TZ3WK";1199;"2021-06-07"
"https://www.flipkart.com/skullcandy-s2duy-l102-wired-headset/p/itmf51766faa57ba?pid=ACCF6C84WBPQHTHY";799;"2021-06-07"
"https://www.flipkart.com/zebronics-zeb-aika-supporting-bluetooth-neckband-headset/p/itm905cefabed29f?pid=ACCFST643CYFR6YG";1250;"2021-06-07"
"https://www.flipkart.com/zebronics-zeb-elegance-wired-headset/p/itmdcc76553382bf?pid=ACCFDCDGJ5XWAQRM";979;"2021-06-07"
"https://www.flipkart.com/jabra-elite-65t-true-wireless-bluetooth-headset/p/itm979d476ddf272?pid=ACCFAS4MEFYGYMVV";4999;"2021-06-07"
"https://www.flipkart.com/jbl-t120twspik-bluetooth-headset/p/itm5eeb58c1c65cf?pid=ACCFGQRVB89HRQEY";5999;"2021-06-07"
"https://www.flipkart.com/jbl-endurance-peak-ipx7-true-wireless-bluetooth-headset/p/itm7a17a8ec146cd?pid=ACCFFUF9DEEQ7KHD";6999;"2021-06-07"
"https://www.flipkart.com/zebronics-pine-bluetooth-headset/p/itm62d2b3c36b9e7?pid=ACCEZEZFPPH92HCY";550;"2021-06-07"
"https://www.flipkart.com/zebronics-zeb-corolla-wired-headset/p/itm85a36e16aed79?pid=ACCFPVZ2ZFTZPRGW";215;"2021-06-07"
"https://www.flipkart.com/zebronics-europa-bluetooth-headset/p/itm94ed463bc4d41?pid=ACCF4ZFQ53S2GNKE";498;"2021-06-07"
"https://www.flipkart.com/boat-airdopes-381-asap-charge-bluetooth-headset/p/itm904384758ba78?pid=ACCFVGUUCYC4JU5F";1999;"2021-06-07"
"https://www.flipkart.com/skullcandy-indy-evo-true-bluetooth-headset/p/itme9864981ff7d8?pid=ACCFTUYVRYQFUQMD";6589;"2021-06-07"
"https://www.flipkart.com/skullcandy-smokin-buds-2-bluetooth-headset-mic/p/itme6c3ed417f530?pid=ACCEAD5KUV2XPUJH";3999;"2021-06-07"
"https://www.flipkart.com/jbl-t450bt-extra-bass-bluetooth-headset/p/itm8fcd60915a1ba?pid=ACCETDEEZMURMBRG";2499;"2021-06-07"
"https://www.flipkart.com/zebronics-zeb-yoga-101-bluetooth-headset/p/itmedefd1acd7e1f?pid=ACCFWYYCFYPWUY9P";1350;"2021-06-07"
"https://www.flipkart.com/skullcandy-spoke-bluetooth-headset/p/itm8797d06ca35a8?pid=ACCFWGAZGTVRCBAY";2338;"2021-06-07"
"https://www.flipkart.com/boat-rockerz-255-bluetooth-headset/p/itm56cd4abf08f49?pid=ACCGFGHZZAKHTGH6";1299;"2021-06-07"
"https://www.flipkart.com/jbl-endurance-runbt-ipx5-sports-bluetooth-headset/p/itm2743a41d4b3ed?pid=ACCFFUF9S9NARQXS";1999;"2021-06-07"
"https://www.flipkart.com/zebronics-zeb-paradise-wireless-bluetooth-headset/p/itm14b3f0e5a58c8?pid=ACCFV5Z2CJ6FU9EB";920;"2021-06-07"
"https://www.flipkart.com/jbl-live-220bt-bluetooth-headset/p/itm8b180777b2db7?pid=ACCFKFZDCC9YGQDM";3990;"2021-06-07"
"https://www.flipkart.com/jabra-elite-active-65t-titanium-bluetooth-headset/p/itm0df76d011a664?pid=ACCFHJZ5QHFE8FH7";5999;"2021-06-07"
"https://www.flipkart.com/boat-airdopes-201-earbuds-bluetooth-headset/p/itm13f28ad72a732?pid=ACCFSDGSHWHQNRBR";1999;"2021-06-07"
"https://www.flipkart.com/zebronics-zeb-paradise-bluetooth-headset/p/itm58fef879213ac?pid=ACCFPBMHDEZSGWRK";940;"2021-06-07"
"https://www.flipkart.com/sony-wf-h800-16hrs-battery-life-bluetooth-headset/p/itmc6d97917cbcf9?pid=ACCFUQ5HCMHEDWV2";12990;"2021-06-07"
"https://www.flipkart.com/jbl-endurance-runbt-ipx5-sports-bluetooth-headset/p/itmca14059c41881?pid=ACCFFUF98FC7XHWN";1999;"2021-06-07"
"https://www.flipkart.com/sony-wh-ch510-google-assistant-enabled-bluetooth-headset/p/itm4c2d049ea4e74?pid=ACCFKYCBAETWPBZX";2990;"2021-06-07"
"https://www.flipkart.com/boat-airdopes-381-asap-charge-bluetooth-headset/p/itm2817f27523698?pid=ACCFVGUUTCTSJFJ2";1999;"2021-06-07"
"https://www.flipkart.com/zebronics-zeb-supreme-usb-wired-headphone-headset/p/itm27ad5e77696ba?pid=ACCFX7ECR2PXHY2Z";999;"2021-06-07"
"https://www.flipkart.com/zebronics-zeb-200hm-multimedia-headphone-mic-wired-headset/p/itm3c7ff6bb8ed44?pid=ACCFUEYCZBYGCFFM";659;"2021-06-07"
"https://www.flipkart.com/sony-xb450-wired-without-mic-headset/p/itm46cb896f60671?pid=ACCDZRE82VDG7B56";2190;"2021-06-07"
"https://www.flipkart.com/jbl-endurance-jump-bluetooth-headset/p/itmcaaabf5fbbd55?pid=ACCF8CF7MCEYBWQZ";3579;"2021-06-07"
"https://www.flipkart.com/zebronics-zeb-lark-bluetooth-headset/p/itm0be7f15f888ba?pid=ACCGY457VZYWABHN";895;"2021-06-07"
"https://www.flipkart.com/zebronics-zeb-winner-wired-headset/p/itmdcb3ae38a7b57?pid=ACCFEGRFYVHZKYSP";439;"2021-06-07"
"https://www.flipkart.com/boat-airdopes-631-bluetooth-headset/p/itmcb3b27f3bcd99?pid=ACCFTZAQFZ2WBPTH";3999;"2021-06-07"
"https://www.flipkart.com/sony-mdr-xb55ap-gaming-earphones-clear-sound-extra-bass-mic-wired-headset/p/itm0695e304bec3d?pid=ACCG3YWFXFXRRFBA";2490;"2021-06-07"
"https://www.flipkart.com/sony-mdr-ex150ap-light-pink-wired-headset/p/itm6329fda897772?pid=ACCEZ73JYHSFSS8H";1490;"2021-06-07"
"https://www.flipkart.com/sony-xb450ap-wired-headset/p/itm74dd902bfe844?pid=ACCE4BHH3MFY5Q5Y";2099;"2021-06-07"
"https://www.flipkart.com/zebronics-zeb-bang-bluetooth-headset/p/itm2582d8dd17301?pid=ACCFKTFZ36F6899R";950;"2021-06-07"
"https://www.flipkart.com/skullcandy-crusher-bluetooth-headset/p/itm96405747aad47?pid=ACCFMJF5UZD4GS8H";9149;"2021-06-07"
"https://www.flipkart.com/zebronics-zeb-thunder-blue-bluetooth-headset/p/itme9a5850a9660e?pid=ACCFBH83ZFXQHSPU";825;"2021-06-07"
"https://www.flipkart.com/zebronics-zeb-elegance-wired-headset/p/itm74db48c030163?pid=ACCFDBJJ8D4GDKJ6";710;"2021-06-07"
"https://www.flipkart.com/jbl-t165bt-bluetooth-headset/p/itm64439ed94fa88?pid=ACCFZVS2F7WNYY6R";1790;"2021-06-07"
"https://www.flipkart.com/sony-as410-wired-headset/p/itme07d5afa71f9b?pid=ACCEMGPPUP2JFGCD";1699;"2021-06-07"
"https://www.flipkart.com/zebronics-wired-headset/p/itm4bad6ffd04d32?pid=ACCFTKHZNHK4DARN";229;"2021-06-07"
"https://www.flipkart.com/zebronics-zeb-sound-bomb-z1-bluetooth-supporting-earphone-touch-control-without-mic-headset/p/itmb141c9945ff11?pid=ACCFXZXCHY5RTDNV";1999;"2021-06-07"
"https://www.flipkart.com/sony-ex15ap-wired-without-mic-headset/p/itm924d81da5111f?pid=ACCEEQZDWJCPTEEZ";890;"2021-06-07"
"https://www.flipkart.com/jbl-live200bt-wireless-in-ear-neckband-bluetooth-headset/p/itm0405f2151d187?pid=ACCF8CF7N7XF5TCS";3299;"2021-06-07"
"https://www.flipkart.com/sony-mdr-ex255ap-gaming-earphones-clear-sound-extra-bass-mic-wired-headset/p/itmf5f6abcdca006?pid=ACCG3Y4HRTUSS7Q7";1990;"2021-06-07"
"https://www.flipkart.com/zebronics-zeb-bh502-bluetooth-headset/p/itm61a7f4ac0ce37?pid=ACCEJJ3GCZKGAYWK";275;"2021-06-07"
"https://www.flipkart.com/jbl-live-500bt-voice-enabled-bluetooth-headset/p/itma8c61409de128?pid=ACCFFMVS82GHWFMF";6899;"2021-06-07"
"https://www.flipkart.com/skullcandy-s2jpw-m010-bluetooth-headset/p/itm7b44083ca9a5e?pid=ACCFGGVH7EMHSUJH";1599;"2021-06-07"
"https://www.flipkart.com/sony-zx110a-wired-without-mic-headset/p/itm7fe99719b28a0?pid=ACCDZRSEYPFHAT76";799;"2021-06-07"
"https://www.flipkart.com/zebronics-zeb-thunder-wired-bluetooth-headset/p/itm2c71f9f14b824?pid=ACCFWMYGH9CFWKXA";820;"2021-06-07"
"https://www.flipkart.com/boat-airdopes-281v2-bluetooth-headset/p/itmfd1dfd2172ec9?pid=ACCFX4ZFSQAHGYVW";1799;"2021-06-07"
"https://www.flipkart.com/zebronics-zeb-paradise-bluetooth-headset/p/itmc513a5e5d4f25?pid=ACCFPBMPZRD3GBCM";938;"2021-06-07"
"https://www.flipkart.com/jbl-live-300tws-bluetooth-headset/p/itme0135c79f4967?pid=ACCFSZGYAGHVZSAH";7999;"2021-06-07"
"https://www.flipkart.com/skullcandy-ink-d-plus-wireless-bluetooth-headset/p/itm41055dc7deb50?pid=ACCFGGY9FGPXNCRG";2749;"2021-06-07"
"https://www.flipkart.com/jbl-e15-wired-headset/p/itmf108639dc8b5d?pid=ACCEX563KDJA67VC";1799;"2021-06-07"
"https://www.flipkart.com/zebronics-zeb-smartplus-bluetooth-headset/p/itmd2c13f0c648fa?pid=ACCFEKP8R5HUNHFS";1099;"2021-06-07"
"https://www.flipkart.com/sony-ex15ap-wired-headset/p/itm59fabe02e7445?pid=ACCDTSDEEYGTSBVG";885;"2021-06-07"
"https://www.flipkart.com/zebronics-zeb-style-wireless-bt-earphone-green-bluetooth-headset/p/itm7132ccddafcef?pid=ACCFF9KDSY8PUHJK";695;"2021-06-07"
"https://www.flipkart.com/skullcandy-jib-plus-wireless-bluetooth-headset/p/itmd66a47a81247b?pid=ACCFXYSJGGGAZRKZ";1635;"2021-06-07"
"https://www.flipkart.com/sony-xb450ap-wired-headset/p/itm033f2a981d55d?pid=ACCE4BFW7RYHHKXR";2099;"2021-06-07"
"https://www.flipkart.com/boat-airdopes-641-bluetooth-headset/p/itmbf1fe9ee10cb9?pid=ACCFZGY59MKPGBZB";2999;"2021-06-07"
"https://www.flipkart.com/sony-xb510as-wired-headset/p/itm29da6de1e40c2?pid=ACCET998CZPFRVVR";2900;"2021-06-07"
"https://www.flipkart.com/bose-sport-earbuds-bluetooth-headset/p/itm0b3af8f10989c?pid=ACCFVDF7EV7PJJQD";17990;"2021-06-07"
"https://www.flipkart.com/boat-airdopes-461-bluetooth-headset/p/itm68280bf4650aa?pid=ACCFV5P5CGKPDCMY";2999;"2021-06-07"
"https://www.flipkart.com/jbl-tune-125bt-bluetooth-headset/p/itm21a10c51c5182?pid=ACCFWREJ2H2Y8HTJ";1699;"2021-06-07"
"https://www.flipkart.com/sony-310ap-wired-headset/p/itm6e4e0150f4e15?pid=ACCDQZAU6GBRWYXD";949;"2021-06-07"
"https://www.flipkart.com/boat-rockerz-235v2-bluetooth-headset/p/itma09872c097371?pid=ACCFQH8FT7Y3EKUH";1199;"2021-06-07"
"https://www.flipkart.com/zebronics-zeb-bang-bluetooth-headset/p/itm7e719bac99e57?pid=ACCFNKJYHNHABFCD";799;"2021-06-07"
"https://www.flipkart.com/jbl-quantum-50-wired-gaming-headset/p/itma1e464283789f?pid=ACCFVY4KQFCT3NQU";1499;"2021-06-07"
"https://www.flipkart.com/skullcandy-crusher-bluetooth-headset-mic/p/itm893dd99711a2f?pid=ACCESZCHHGX9YFBN";9349;"2021-06-07"
"https://www.flipkart.com/zebronics-zb-bro-earphone-wired-headset/p/itm9f8d0c1219174?pid=ACCFJPH44C2PXB5G";218;"2021-06-07"
"https://www.flipkart.com/boat-rockerz-235v2-asap-charging-version-5-0-bluetooth-headset/p/itmad6e572502319?pid=ACCFZGAMWQGGTZZG";1199;"2021-06-07"
"https://www.flipkart.com/jabra-elite-85t-advanced-active-noise-cancellation-bluetooth-headset/p/itm251ccfa84a948?pid=ACCFZHB9NPGQKPRF";17999;"2021-06-07"
"https://www.flipkart.com/zebronics-zeb-be370-bluetooth-headset/p/itm9d07c6df31e5f?pid=ACCF5GG2E2BHAQAX";570;"2021-06-07"
"https://www.flipkart.com/skullcandy-sesh-s2tdw-m003-true-wireless-bluetooth-headset/p/itm636e4df28c17f?pid=ACCFKKFYFYMYYPD7";3799;"2021-06-07"
"https://www.flipkart.com/zebronics-zeb-elegance-wired-headset/p/itmdb6337e5688df?pid=ACCFDCDSKEJNBTNH";735;"2021-06-07"
"https://www.flipkart.com/jbl-t205bt-bluetooth-headset/p/itm94bc21368da82?pid=ACCF5R5JTX22Y66A";1699;"2021-06-07"
"https://www.flipkart.com/jbl-endurance-peak-ipx7-true-wireless-bluetooth-headset/p/itmd4f15a939b446?pid=ACCFFUF9BFF5SUW5";6999;"2021-06-07"
"https://www.flipkart.com/zebronics-thunder-built-fm-radio-supports-microsd-aux-function-bluetooth-headset/p/itm1285d593f926d?pid=ACCFBB8THWUYGMP6";820;"2021-06-07"
"https://www.flipkart.com/sennheiser-hd-820-wired-without-mic-headset/p/itmb627e791a4793?pid=ACCFECFEQWX2RZWA";189990;"2021-06-07"
"https://www.flipkart.com/jbl-c100tws-true-wireless-google-assistant-bluetooth-headset/p/itm57a01ebb6590a?pid=ACCFMJBJWHBMSHAN";2999;"2021-06-07"
"https://www.flipkart.com/zebronics-zeb-buds-10-wired-headset/p/itmfbe7195f553a1?pid=ACCFY8KESZYFC2RG";439;"2021-06-07"
"https://www.flipkart.com/sony-mdr-ex15ap-white-wired-headset/p/itm63ee44a9dac42?pid=ACCEZA7S4HHEHUJD";890;"2021-06-07"
"https://www.flipkart.com/boat-100-wireless-neckband-bt-5-0-ipx-4-mic-bluetooth-headset/p/itm7c8b44537bcf7?pid=ACCFWQF8ET9DX2RT";1499;"2021-06-07"
"https://www.flipkart.com/skullcandy-s2dul-j335-wired-headset/p/itm826b8cab01397?pid=ACCEJNYC39RUVAHE";669;"2021-06-07"
"https://www.flipkart.com/sennheiser-hd-300pro-wired-headset/p/itmd88b34b55907f?pid=ACCG39MNPEUJPWSK";19300;"2021-06-07"
"https://www.flipkart.com/sony-mdr-ex15ap-gaming-earphones-clear-sound-extra-bass-mic-wired-headset/p/itm219e0d33bcc83?pid=ACCG3Y4HJANNKRGW";890;"2021-06-07"
"https://www.flipkart.com/zebronics-zeb-winner-earphone-blue-wired-headset/p/itm9c965f86553d1?pid=ACCFF2GFAYAFJABH";429;"2021-06-07"
"https://www.flipkart.com/sony-ex155ap-wired-headset/p/itmc9b6bdda0a2d2?pid=ACCEVAEWSSKTFHTM";1290;"2021-06-07"
"https://www.flipkart.com/sony-mdr-ex15ap-blue-wired-headset/p/itm85152ba99d124?pid=ACCEZ6YX3RQUWVER";890;"2021-06-07"
"https://www.flipkart.com/boat-rockerz-335-bluetooth-headset/p/itm11bb15ebec8b9?pid=ACCFTV5KBWDKTQKA";1599;"2021-06-07"
"https://www.flipkart.com/sony-wi-c400-wireless-neckband-headphones-mic-bluetooth-headset/p/itma007ba68a84ca?pid=ACCG2WTATZTQVTWR";3990;"2021-06-07"
"https://www.flipkart.com/skullcandy-sesh-evo-bluetooth-headset/p/itm194b5b413097b?pid=ACCFXEKFPKCNGHKR";4850;"2021-06-07"
"https://www.flipkart.com/skullcandy-s6hvw-n740-bluetooth-headset/p/itm65b2b4db63ab5?pid=ACCFXYPZTXEGU5KA";7999;"2021-06-07"
"https://www.flipkart.com/zebronics-zeb-duke-black-bluetooth-headset/p/itm4821fdcb78431?pid=ACCFRR83SHYTWNAF";1990;"2021-06-07"
"https://www.flipkart.com/jbl-tune-120tws-bluetooth-headset/p/itm33f99194bef8e?pid=ACCFGQRVEPKCCMP9";6349;"2021-06-07"
"https://www.flipkart.com/jbl-tune-125bt-bluetooth-headset/p/itm0f86ff0aaf3e4?pid=ACCFWREJMGFZRHPW";1699;"2021-06-07"
"https://www.flipkart.com/boat-bassheads-172-wired-headset/p/itm299691aa0c911?pid=ACCFDJ5YVAVDTQP8";499;"2021-06-07"
"https://www.flipkart.com/jbl-live-650bt-voice-enabled-active-noise-cancellation-bluetooth-headset/p/itm207ee28006d8c?pid=ACCFFMVTUGKYM3QW";9999;"2021-06-07"
"https://www.flipkart.com/jbl-tune220tws-bluetooth-headset/p/itm10e48a38e2be8?pid=ACCFR9FBJZJF956Z";6999;"2021-06-07"
"https://www.flipkart.com/zebronics-zeb-bro-wired-headset/p/itm58e20341db02f?pid=ACCGYGYGKUMZDMJM";245;"2021-06-07"
"https://www.flipkart.com/sony-mdr-ex155ap-gaming-earphones-clear-sound-extra-bass-mic-wired-headset/p/itma4118b99e6288?pid=ACCG3Y4HZTATSGWD";1290;"2021-06-07"
"https://www.flipkart.com/boat-bassheads-220-wired-headset/p/itma3c43a99ba9d5?pid=ACCEJZT98SG39ZYD";499;"2021-06-07"
"https://www.flipkart.com/sennheiser-hd-800s-wired-without-mic-headset/p/itm7fe89c13be1e9?pid=ACCFECFDBQEJRHK3";139990;"2021-06-07"
"https://www.flipkart.com/sony-wf-xb700-18-hours-battery-life-bluetooth-headset/p/itm266e2db951f0a?pid=ACCFSNJEUEKZZBXM";7990;"2021-06-07"
"https://www.flipkart.com/jbl-live-220bt-bluetooth-headset/p/itm27c6b5e2155af?pid=ACCFKFZDYFP8NDVV";4499;"2021-06-07"
"https://www.flipkart.com/boat-bassheads-220-wired-headset/p/itm5cb42a3e55952?pid=ACCFMB3UYPHEHAYB";549;"2021-06-07"
"https://www.flipkart.com/boat-bassheads-220-wired-headset/p/itm0141479fd9664?pid=ACCEZB5BFPXPHPZX";549;"2021-06-07"
"https://www.flipkart.com/skullcandy-ink-d-plus-wired-headset/p/itm33ec5272e9e2c?pid=ACCFGHWYHNXAHEY8";1299;"2021-06-07"
"https://www.flipkart.com/zebronics-ghost-head-bluetooth-without-mic-headset/p/itm872ee1f8de4e3?pid=ACCEG7C4KGUF8HGG";1098;"2021-06-07"
"https://www.flipkart.com/jbl-e55bt-bluetooth-headset/p/itm994e46658190e?pid=ACCFYXN8635ZAG5E";5899;"2021-06-07"
"https://www.flipkart.com/sony-wh-xb700-bluetooth-headset/p/itm2c7d3b769a570?pid=ACCFF9F6HNQXHXFD";8990;"2021-06-07"
"https://www.flipkart.com/skullcandy-jib-headset-mic/p/itme842593517b6e?pid=ACCEXQ5QUWNZDHBF";799;"2021-06-07"
"https://www.flipkart.com/skullcandy-indy-evo-bluetooth-headset/p/itm37d4a999c3e80?pid=ACCFU8U7N2SYNVT2";6490;"2021-06-07"
"https://www.flipkart.com/jabra-elite-75t-active-noise-cancellation-enabled-bluetooth-headset/p/itm7c3b72e8bf215?pid=ACCFV5PATAZUJY5H";11999;"2021-06-07"
"https://www.flipkart.com/zebronics-zeb-sound-bomb-true-bluetooth-headset/p/itm5ca76e8f6da27?pid=ACCFUUHD9WF2Z9BV";1499;"2021-06-07"
"https://www.flipkart.com/jbl-t50hi-wired-headset/p/itm2ebae73cd34c3?pid=ACCFTYWV8CADF8TT";539;"2021-06-07"
"https://www.flipkart.com/zebronics-zeb-bang-bluetooth-headset/p/itmcb9580c2efb01?pid=ACCFMXAT78HTTFHZ";799;"2021-06-07"
"https://www.flipkart.com/jbl-t165bt-bluetooth-headset/p/itm46c43fa032288?pid=ACCFZVS2P6FGBCBD";1735;"2021-06-07"
"https://www.flipkart.com/jbl-live-650bt-voice-enabled-active-noise-cancellation-bluetooth-headset/p/itm6c9188089d8e1?pid=ACCFFMVTKJBKKQFS";9999;"2021-06-07"
"https://www.flipkart.com/zebronics-wireless-zeb-cool-10-bluetooth-headset/p/itme64f664c1bef9?pid=ACCFNPSYZQFH8T9R";399;"2021-06-07"
"https://www.flipkart.com/boat-rockerz-235v2-asap-charging-version-5-0-bluetooth-headset/p/itmffacf2db2cc8f?pid=ACCFZGAQJGYCYDCM";1199;"2021-06-07"
"https://www.flipkart.com/zebronics-zeb-storm-wired-headset/p/itm9ac9257e3059c?pid=ACCF33SWNGWTEKG6";590;"2021-06-07"
"https://www.flipkart.com/boat-rockerz-400-bluetooth-headset/p/itm28edeaa7e23d8?pid=ACCEJZXYKSG2T9GS";1424;"2021-06-07"
"https://www.flipkart.com/jbl-tune-125tws-bluetooth-headset/p/itm3394f2c0fe17c?pid=ACCFTWYUQGP5AEHT";5999;"2021-06-07"
"https://www.flipkart.com/jbl-tune-125tws-bluetooth-headset/p/itmef6a6ecdd0055?pid=ACCFTWYUZYXHYCYX";5999;"2021-06-07"
"https://www.flipkart.com/jbl-live-500bt-voice-enabled-bluetooth-headset/p/itm37e34631e6554?pid=ACCFFMWYJQRYQDYX";6899;"2021-06-07"
"https://www.flipkart.com/sony-wi-1000xm2-wireless-neckband-headphones-mic-bluetooth-headset/p/itm7e950eb524f23?pid=ACCG2XKNMYY3RJSQ";24990;"2021-06-07"
"https://www.flipkart.com/jabra-elite-65t-true-wireless-charging-case-bluetooth-headset/p/itmddb042ac49df9?pid=ACCFAVKNWQ5WSJBB";4999;"2021-06-07"
"https://www.flipkart.com/jbl-live-300tws-bluetooth-headset/p/itm460b39b130c91?pid=ACCFSZGYNZAZ9VVY";7999;"2021-06-07"
"https://www.flipkart.com/sony-xb450-wired-without-mic-headset/p/itm58c88023fb577?pid=ACCDZRE8DWQWJKYY";1699;"2021-06-07"
"https://www.flipkart.com/zebronics-zeb-bolt-wired-headphone-mic-grey-headset/p/itm8045d4178f67b?pid=ACCFXSVHMFT4VCPN";499;"2021-06-07"
"https://www.flipkart.com/skullcandy-s2dul-j416-wired-headset/p/itmfaedf1185401d?pid=ACCEJNYCZERHSZ2D";669;"2021-06-07"
"https://www.flipkart.com/boat-220-wireless-bluetooth-headset/p/itm7f1d928f507c5?pid=ACCFJHHFASYEATV2";1499;"2021-06-07"
"https://www.flipkart.com/jbl-harman-tune-700bt-bluetooth-headset/p/itm4848495027f6d?pid=ACCFPCGPKWCARFGE";4799;"2021-06-07"
"https://www.flipkart.com/jbl-e25bt-bluetooth-headset/p/itmedbf3e5e06cc2?pid=ACCFYXN8D3BCYVUC";2281;"2021-06-07"
"https://www.flipkart.com/sony-mdrxb55apblue-wired-headset/p/itmb3bf6d67de376?pid=ACCF2ZX48ZSRYV7D";2290;"2021-06-07"
"https://www.flipkart.com/zebronics-zeb-sound-bomb-z1-true-wireless-bt-earphone-bluetooth-headset/p/itm38dda04605957?pid=ACCFS9FXPEYZA5GG";1200;"2021-06-07"
"https://www.flipkart.com/sennheiser-hd-569-wired-without-mic-headset/p/itm21aa01bc9a734?pid=ACCES9QAT6AZGGY2";12990;"2021-06-07"
"https://www.flipkart.com/zebronics-zeb-thunder-bluetooth-headset/p/itmf1f5bf9c5353a?pid=ACCFBHDF8UG8GQGV";711;"2021-06-07"
"https://www.flipkart.com/jbl-endurance-run-wired-headset/p/itm6fb88bf063100?pid=ACCF8CF7GTNYUWK7";1049;"2021-06-07"
"https://www.flipkart.com/boat-bassheads-182-wired-headset/p/itm64c02b8ff79ef?pid=ACCFDJ7Z3SRMHHEY";499;"2021-06-07"
"https://www.flipkart.com/sennheiser-cx-120bt-bluetooth-headset/p/itme021897444ea3?pid=ACCFVGUUW2SXRBUA";2875;"2021-06-07"
"https://www.flipkart.com/skullcandy-sesh-evo-bluetooth-headset/p/itm0a6e7e07d383a?pid=ACCFWGEHG5M6J8VF";4979;"2021-06-07"
"https://www.flipkart.com/boat-bassheads-242-wired-headset/p/itmbd88b124ca8c2?pid=ACCFHBKEQGSQZN86";549;"2021-06-07"
"https://www.flipkart.com/boat-rockerz-370-bluetooth-headset/p/itm64d79aa36e444?pid=ACCFPE3YTY6FPH9Z";1391;"2021-06-07"
"https://www.flipkart.com/jbl-endurance-runbt-ipx5-sports-bluetooth-headset/p/itm15e1b3d346587?pid=ACCFFUF9GNDJ3DBD";2049;"2021-06-07"
"https://www.flipkart.com/boat-bassheads-122-wired-headset/p/itm449c27e844fd8?pid=ACCFVHW6HM6BPGHZ";759;"2021-06-07"
"https://www.flipkart.com/zebronics-zeb-sound-bomb-true-bluetooth-headset/p/itme2063b3d80535?pid=ACCFMANR8H6MRNN7";1425;"2021-06-07"
"https://www.flipkart.com/sony-c400-bluetooth-headset/p/itm46a69ff41fa87?pid=ACCF4ZCFK3SMHW6Z";3299;"2021-06-07"
"https://www.flipkart.com/skullcandy-sesh-evo-bluetooth-headset/p/itm62071ab1e98e2?pid=ACCFWGEHFZTMW8JC";4879;"2021-06-07"
"https://www.flipkart.com/jbl-t210-wired-without-mic-headset/p/itma995d6fc2ffc5?pid=ACCEPJFNXNZJGMZE";968;"2021-06-07"
"https://www.flipkart.com/zebronics-zeb-lark-bluetooth-headset/p/itm665139451f770?pid=ACCFSGSZQAGCSHKQ";860;"2021-06-07"
"https://www.flipkart.com/jabra-elite-85t-advanced-active-noise-cancellation-bluetooth-headset/p/itmf9da311d191a0?pid=ACCFYZDTGRFKNKKX";17999;"2021-06-07"
"https://www.flipkart.com/skullcandy-hesh-3-bluetooth-headset-mic/p/itmd93c2a78d142e?pid=ACCFFMB9A9XC5ZUJ";5949;"2021-06-07"
"https://www.flipkart.com/skullcandy-grind-bluetooth-headset-mic/p/itm3a5f5c53f4122?pid=ACCEKVTRBUWGVZWG";3999;"2021-06-07"
"https://www.flipkart.com/zebronics-yoga-bluetooth-headset/p/itmc4abc5e477dc8?pid=ACCFUHZWKPYRQVR6";1425;"2021-06-07"
"https://www.flipkart.com/sennheiser-pmx-686i-sports-wired-headset/p/itm8cf964ab173c3?pid=ACCERV8VGVBH4EP2";7990;"2021-06-07"
"https://www.flipkart.com/jbl-t160bt-bluetooth-headset/p/itm1eaa06776d3b7?pid=ACCF5R5JBVVAMD22";1999;"2021-06-07"
"https://www.flipkart.com/boat-bassheads-900-super-extra-bass-wired-headset/p/itmfdd472e0f8709?pid=ACCFFMC7DN6GZ9SH";759;"2021-06-07"
"https://www.flipkart.com/jbl-tune-125bt-bluetooth-headset/p/itm949e1f7392ab4?pid=ACCFWREJT8D8Y4BA";1699;"2021-06-07"
"https://www.flipkart.com/jbl-freex-true-wireless-bluetooth-headset/p/itm29c381d4cda52?pid=ACCFD2GUA8ZZGSZN";8599;"2021-06-07"
"https://www.flipkart.com/sennheiser-cx-150bt-bluetooth-headset/p/itmfc7ba1b41e00b?pid=ACCFNUCY2VJP9NUA";4990;"2021-06-07"
"https://www.flipkart.com/zebronics-zeb-thunder-wired-bluetooth-headset/p/itmd3280587bce4f?pid=ACCFY8R2CY2BYCGY";829;"2021-06-07"
"https://www.flipkart.com/sony-ex14ap-wired-headset/p/itmb60c6c87ad16f?pid=ACCEWH82VYCDUHHH";699;"2021-06-07"
"https://www.flipkart.com/jbl-live-25bt-bluetooth-headset/p/itm4ad30118da22d?pid=ACCFUZS7H75CUAW4";1949;"2021-06-07"
"https://www.flipkart.com/sony-zx110lpblack-wired-without-mic-headset/p/itm8aab1b0d33f3b?pid=ACCF6VCFNZSGFCFJ";990;"2021-06-07"
"https://www.flipkart.com/jbl-tune-120tws-bluetooth-headset/p/itm76d5cc02bc8ff?pid=ACCFGQRVYYGDU3ZW";5990;"2021-06-07"
"https://www.flipkart.com/sony-mdr-ex155ap-gaming-earphones-clear-sound-extra-bass-mic-wired-headset/p/itm808eb408820c1?pid=ACCG3Y4HZMBK3KQU";1290;"2021-06-07"
"https://www.flipkart.com/skullcandy-s2jpw-n743-bluetooth-headset/p/itmc4c5f2f9ffc81?pid=ACCFXYSZCREGYYWT";1629;"2021-06-07"
"https://www.flipkart.com/boat-bassheads-103-black-wired-headset/p/itm6b3285329157f?pid=ACCFGYHGGDCFYCA3";399;"2021-06-07"
"https://www.flipkart.com/jbl-endurance-dive-bluetooth-headset/p/itm4a0e0f000733d?pid=ACCF8CF7UDHZBZKA";4599;"2021-06-07"
"https://www.flipkart.com/sony-wh-ch710n-active-noise-cancellation-enabled-bluetooth-headset/p/itmc839dce06d0d5?pid=ACCFRKMPVVDWG8R4";8990;"2021-06-07"
"https://www.flipkart.com/jbl-tune-215tws-bluetooth-headset/p/itmf4d7e3400f9e7?pid=ACCFWYN55CJ3MPEY";5999;"2021-06-07"
"https://www.flipkart.com/boat-rockerz-385v2-bluetooth-headset/p/itmfd64845525b7f?pid=ACCFVNBQZSW5JFBF";2499;"2021-06-07"
"https://www.flipkart.com/boat-rockerz-235v2-asap-charging-version-5-0-bluetooth-headset/p/itm75dfabd1f8ff4?pid=ACCFZGAPGBQ7FP8H";1199;"2021-06-07"
"https://www.flipkart.com/zebronics-zeb-magic-wired-headset/p/itmc9cd036dafb15?pid=ACCFV8T6RGPGRXVX";450;"2021-06-07"
"https://www.flipkart.com/skullcandy-uproar-bluetooth-headset-mic/p/itmc64b5973674db?pid=ACCEAY5FXE76HJVJ";2825;"2021-06-07"
"https://www.flipkart.com/jabra-elite-active-45e-wireless-sports-earbuds-navy-blue-bluetooth-headset/p/itmab3c0294cde7b?pid=ACCFFQ5XR8GBVSTE";6499;"2021-06-07"
"https://www.flipkart.com/skullcandy-s2jpw-m101-bluetooth-headset/p/itm295f0585c0fa0?pid=ACCFGGV7BG8QZRXW";1580;"2021-06-07"
"https://www.flipkart.com/sony-xb550ap-mdr-xb550ap-wired-headset/p/itme35066505d953?pid=ACCET9F7HZSBPGNF";3290;"2021-06-07"
"https://www.flipkart.com/bose-quitecomfort-earbuds-bluetooth-headset/p/itm2496279be74bc?pid=ACCFVDF7QG4QJZV6";26990;"2021-06-07"
"https://www.flipkart.com/bose-soundsport-free-true-wireless-bluetooth-headset/p/itm832b0cface527?pid=ACCFFGNQZ9JXDKZC";18990;"2021-06-07"
"https://www.flipkart.com/jbl-e65btnc-bluetooth-gaming-headset/p/itme43f71319c284?pid=ACCFFEGYMMTC9YAY";6999;"2021-06-07"
"https://www.flipkart.com/zebronics-zeb-storm-black-wired-without-mic-headset/p/itm06e7afce0504f?pid=ACCFX6U4NZUMTMCF";699;"2021-06-07"
"https://www.flipkart.com/zebronics-storm-wired-headset/p/itmbd42b1052931f?pid=ACCF2EF52BJFEHE5";639;"2021-06-07"
"https://www.flipkart.com/zebronics-zeb-winner-earphone-white-wired-headset/p/itmb66d3c8063d2b?pid=ACCFF2GBSHEQVHRR";409;"2021-06-07"
"https://www.flipkart.com/sony-ex15ap-wired-headset/p/itmf87d55616cadf?pid=ACCDTSDEHSRZYDQG";890;"2021-06-07"
"https://www.flipkart.com/jbl-t110bt-bluetooth-headset/p/itm1a1740e310fd6?pid=ACCFFRX9JXAZ4PKF";1789;"2021-06-07"
"https://www.flipkart.com/zebronics-cool20-bluetooth-headset/p/itm54b75150b2e0b?pid=ACCFE56MCTYMPBEJ";300;"2021-06-07"
"https://www.flipkart.com/zebronics-zeb-em800-red-wired-headset/p/itmce2d6e063c8d1?pid=ACCFE5EEDKZRCGRD";179;"2021-06-07"
"https://www.flipkart.com/zebronics-zeb-aika-bluetooth-headset/p/itmb666bd32f200e?pid=ACCGYMEEZFKKFGGK";1375;"2021-06-07"
"https://www.flipkart.com/zebronics-zeb-tulp-wired-headset/p/itmf77553e02ea13?pid=ACCFTQAXYD9BB6AB";275;"2021-06-07"
"https://www.flipkart.com/boat-rockerz-560-bluetooth-headset/p/itm85140d866d78d?pid=ACCFPZ8FNRRZ6A3Q";1804;"2021-06-07"
"https://www.flipkart.com/zebronics-zeb-sound-bomb-true-wireless-bt-earphone-bluetooth-headset/p/itma8708ee033d31?pid=ACCFMANVJRRFSK6T";1699;"2021-06-07"
"https://www.flipkart.com/jbl-endurance-dive-bluetooth-headset/p/itm07faac24f497b?pid=ACCF8CF7JRZCGQNT";4890;"2021-06-07"
"https://www.flipkart.com/boat-bassheads-100-wired-headset/p/itm0cf67b21ae7d8?pid=ACCF9FDPUNHGEH6H";399;"2021-06-07"
"https://www.flipkart.com/jbl-t450bt-extra-bass-bluetooth-headset/p/itmabc80a365c0d0?pid=ACCEXBNK9ZZMUN4Y";2499;"2021-06-07"
"https://www.flipkart.com/sennheiser-hd-4-30i-wired-without-mic-headset/p/itmdb2da4720b1ea?pid=ACCES9Q2ETDHZ5QB";7990;"2021-06-07"
"https://www.flipkart.com/jbl-endurance-sprint-bluetooth-headset/p/itmef0bcb68c7a09?pid=ACCF8CF7DYRTTJFP";3299;"2021-06-07"
"https://www.flipkart.com/sennheiser-pc-8-usb-wired-headset/p/itm725f8c6c51662?pid=ACCDAYUJDUWRJEDX";2990;"2021-06-07"
"https://www.flipkart.com/jbl-original-t50hi-wired-headset/p/itm5557ae5dfdd00?pid=ACCG288HSYKA2W4H";699;"2021-06-07"
"https://www.flipkart.com/jbl-t110bt-bluetooth-headset/p/itm5a8a976a34feb?pid=ACCFYXN8Q2FAQ7GS";1748;"2021-06-07"
"https://www.flipkart.com/sony-wi-c310-wireless-in-ear-headphones-mic-bluetooth-headset/p/itmaa6e5ed280491?pid=ACCG2WTABXHF9TDZ";3290;"2021-06-07"
"https://www.flipkart.com/apple-airpods-pro-wireless-charging-case-active-noise-cancellation-enabled-bluetooth-headset/p/itmf54912ef1bd8b?pid=ACCFHYJ8ZU9WDHDW";23900;"2021-06-07"
"https://www.flipkart.com/beats-powerbeats3-bluetooth-headset/p/itmbec098524a53a?pid=ACCFGKYFHY5HEEUR";16500;"2021-06-07"
"https://www.flipkart.com/sony-wi-c310-bluetooth-headset/p/itm88a7ea62b549c?pid=ACCFGWBDJDZZH2ST";2749;"2021-06-07"
"https://www.flipkart.com/zebronics-zeb-bro-extra-heavy-bass-earphone-wired-headset/p/itm67ccfce429774?pid=ACCFVEUU9RYYA9PN";220;"2021-06-07"
"https://www.flipkart.com/zebronics-premium-quality-neck-band-bluetooth-headphone-headset/p/itm7e2385072d2b0?pid=ACCFMAW2GWGNUWAJ";798;"2021-06-07"
"https://www.flipkart.com/skullcandy-jib-headset-mic/p/itmd0e39f6808ec9?pid=ACCEXZYHJZFFFZX8";697;"2021-06-07"
"https://www.flipkart.com/zebronics-zeb-soul-bluetooth-headset/p/itmf6b79c338d2f6?pid=ACCFUGGYYV64DKFH";2199;"2021-06-07"
"https://www.flipkart.com/zebronics-zeb-thunder-bluetooth-headset/p/itm10d7266f45daf?pid=ACCFBB8BYKCCRBZH";749;"2021-06-07"
"https://www.flipkart.com/sony-mdr-xb550ap-wired-headset/p/itm9626069f3be67?pid=ACCESKHAH5ZZMWCX";2999;"2021-06-07"
"https://www.flipkart.com/skullcandy-cassette-wireless-bluetooth-without-mic-headset/p/itm9031acaf734b4?pid=ACCFXYZRFTMEV2KT";3099;"2021-06-07"
"https://www.flipkart.com/sony-ex14ap-wired-headset/p/itm93fe474021c8c?pid=ACCEWH82GZTEVCNG";699;"2021-06-07"
"https://www.flipkart.com/jbl-tune-215tws-bluetooth-headset/p/itmd2d050cb11d65?pid=ACCFWYN5FHDPMY6H";5999;"2021-06-07"
"https://www.flipkart.com/zebronics-zeb-aika-bluetooth-headset/p/itm946b30eb07a29?pid=ACCGYMDUQ2YR6YWV";1375;"2021-06-07"
"https://www.flipkart.com/zebronics-proton-wired-headset/p/itm003f6257e768b?pid=ACCF88YV89HWKWSB";299;"2021-06-07"
"https://www.flipkart.com/sony-mdr-zx110-ap-wired-headset/p/itm28d3249d209f2?pid=ACCDPUBZDVBZMFVH";1390;"2021-06-07"
"https://www.flipkart.com/bose-soundlink-around-ear-ii-bluetooth-headset/p/itm4dcc418186097?pid=ACCEFEDGZNZ4AGBX";19000;"2021-06-07"
"https://www.flipkart.com/jbl-tune-750btnc-bluetooth-headset/p/itm3fe0ad29399dc?pid=ACCFMJBJKXPXFN4S";5699;"2021-06-07"
"https://www.flipkart.com/sony-mdr-zx110-wc-in-wired-without-mic-headset/p/itm6581b15b4512a?pid=ACCDQZBGFX4BRJ5B";920;"2021-06-07"
"https://www.flipkart.com/zebronics-bro-earphones-wired-headset/p/itma9eb49cfd480d?pid=ACCFP86JPWPUZGWN";213;"2021-06-07"
"https://www.flipkart.com/sennheiser-hd-4-30i-wired-without-mic-headset/p/itm78281c44f484c?pid=ACCES9QARNEJP7DV";7990;"2021-06-07"
"https://www.flipkart.com/zebronics-zeb-buds-c-type-rphones-volume-control-wired-headset/p/itm81d3167a05084?pid=ACCGYV6ST47BXNY7";559;"2021-06-07"
"https://www.flipkart.com/zebronics-zeb-corolla-wired-headset/p/itmee33015e07d24?pid=ACCFJ3FKXC2SSVYX";249;"2021-06-07"
"https://www.flipkart.com/zebronics-wireless-bt-headphone-mic-zeb-thunder-bluetooth-headset/p/itmd3e600891ecd3?pid=ACCGYGEEM5ZKHHEB";959;"2021-06-07"
"https://www.flipkart.com/skullcandy-sesh-evo-bluetooth-headset/p/itm43d862d8f4945?pid=ACCFURYSEWZ7KUQ7";4879;"2021-06-07"
"https://www.flipkart.com/jbl-tune-115bt-bluetooth-headset/p/itmedf2d19320687?pid=ACCFMJBJPWFRJEJE";1999;"2021-06-07"
"https://www.flipkart.com/sony-mdrxb510asblue-wired-headset/p/itm4b0ee03d1d01a?pid=ACCF2WSHYHPGHGDG";2990;"2021-06-07"
"https://www.flipkart.com/skullcandy-indy-evo-true-bluetooth-headset/p/itm817bd5d9257fa?pid=ACCFTUGHYNEZUVGV";6550;"2021-06-07"
"https://www.flipkart.com/skullcandy-anti-headphone/p/itm03dadc3c17616?pid=ACCEMA2NYGVKGZMD";999;"2021-06-07"
"https://www.flipkart.com/jbl-tune-120tws-bluetooth-headset/p/itm2a9f6d4e3446d?pid=ACCFGQRVF6PR8KZG";5999;"2021-06-07"
"https://www.flipkart.com/boat-airdopes-381-asap-charge-bluetooth-headset/p/itm152846c225d0b?pid=ACCFVGUUYRUTASZR";1999;"2021-06-07"
"https://www.flipkart.com/zebronics-zeb-bolt-wired-headset/p/itmd34f178b0ca03?pid=ACCFXENHYT9PHQMR";449;"2021-06-07"
"https://www.flipkart.com/sony-zx110ap-wired-headset/p/itmf2b2e05ee8441?pid=ACCDQZAUACHKXGSB";1199;"2021-06-07"
"https://www.flipkart.com/sennheiser-hd-280-pro-studio-live-monitoring-free-dusthand-mat-wired-without-mic-headset/p/itm0fb16ce3c8c88?pid=ACCFA7A2VK8YVFUY";8606;"2021-06-07"
"https://www.flipkart.com/skullcandy-crusherevo-bluetooth-headset/p/itm9477484e498bf?pid=ACCFYAYVSURYUEVZ";13999;"2021-06-07"
"https://www.flipkart.com/skullcandy-uproar-bluetooth-headset-mic/p/itmacd8b4437c8c2?pid=ACCEJRWHEZWMQAXU";2899;"2021-06-07"
"https://www.flipkart.com/boat-rockerz-370-bluetooth-headset/p/itm4a59ba263130b?pid=ACCFPE32ZJKYHTEE";1299;"2021-06-07"
"https://www.flipkart.com/jbl-live-400bt-voice-enabled-bluetooth-headset/p/itmadb82a1b958f4?pid=ACCFFMVUDQXGQGUS";6689;"2021-06-07"
"https://www.flipkart.com/sony-mdr-ex15ap-in-the-ear-headset/p/itme22a156007624?pid=ACCDNHM8NAG9XTGB";890;"2021-06-07"
"https://www.flipkart.com/boat-rockerz-450-pro-bluetooth-headset/p/itm81c270d2d122f?pid=ACCGYUVXE7NZJZ5C";1999;"2021-06-07"
"https://www.flipkart.com/boat-rockerz-240-bluetooth-headset/p/itm6324e50693480?pid=ACCFT7HFYP6V4PYR";1399;"2021-06-07"
"https://www.flipkart.com/jabra-elite-75t-active-noise-cancellation-enabled-bluetooth-headset/p/itmf209e7b75ba2c?pid=ACCFMSGF7NQXWXW7";11999;"2021-06-07"
"https://www.flipkart.com/jbl-tune-110-wired-headset/p/itmb0338b33f3588?pid=ACCFYXN8RUHTFWZG";735;"2021-06-07"
"https://www.flipkart.com/zebronics-zeb-lark-bluetooth-headset/p/itm2dbcf9f56abfa?pid=ACCFSGSZH82XGNAQ";864;"2021-06-07"
"https://www.flipkart.com/jbl-live-300tws-bluetooth-headset/p/itm6ebcbb65dded4?pid=ACCFSZGYCAYEH8G3";7999;"2021-06-07"
"https://www.flipkart.com/skullcandy-ink-d-plus-wired-headset/p/itmedadf0a429088?pid=ACCFGHW7JX6VNHZ9";1199;"2021-06-07"
"https://www.flipkart.com/sony-wi-c310-bluetooth-headset/p/itm31398d089c231?pid=ACCFGWBDHZDUXUYE";2290;"2021-06-07"
"https://www.flipkart.com/skullcandy-s2dul-j571-wired-headset/p/itmbc90546a9bbc2?pid=ACCEJNYBCPNKBWY4";679;"2021-06-07"
"https://www.flipkart.com/jbl-endurance-sprint-bluetooth-headset/p/itm8df2621f64631?pid=ACCF8CF7UZNH9HVP";3299;"2021-06-07"
"https://www.flipkart.com/sony-wi-c400-wireless-neckband-headphones-mic-bluetooth-headset/p/itm11748320b053e?pid=ACCG2WTAUHHN7YW7";3990;"2021-06-07"
"https://www.flipkart.com/jbl-t165bt-bluetooth-headset/p/itmbaa411b25c34a?pid=ACCFZVS294ZQVKTQ";1790;"2021-06-07"
"https://www.flipkart.com/sennheiser-hd-559-wired-without-mic-headset/p/itm1b28f2d522662?pid=ACCES9QABAA3YPCT";10990;"2021-06-07"
"https://www.flipkart.com/zebronics-zeb-fashion-black-earphone-bluetooth-headset/p/itm66105ec90d978?pid=ACCFEGGWZWQYA9FB";597;"2021-06-07"
"https://www.flipkart.com/jbl-e25bt-bluetooth-headset/p/itm714b710038c14?pid=ACCEX563YYVCGWZG";2299;"2021-06-07"
"https://www.flipkart.com/sony-mdr-ex15ap-gaming-earphones-clear-sound-extra-bass-mic-wired-headset/p/itm6fe3792c1941b?pid=ACCG3Y4HZF6FUQEV";890;"2021-06-07"
"https://www.flipkart.com/jbl-under-armour-sport-heart-rate-bluetooth-headset/p/itmf273aa6b42376?pid=ACCFG4DKMQZUC6CZ";12994;"2021-06-07"
"https://www.flipkart.com/sennheiser-hd-206-wired-without-mic-headset/p/itm8d299b65da12f?pid=ACCF2MWP6BZ5MHDM";1949;"2021-06-07"
"https://www.flipkart.com/sony-xb55ap-wired-headset/p/itm2b69e75ab773f?pid=ACCEVAEWPDXD5PC8";2199;"2021-06-07"
"https://www.flipkart.com/zebronics-zeb-emz10-wired-earphone-tangle-free-cable-headset/p/itm9af15b2c5bd11?pid=ACCFGQNPTAABGGMA";160;"2021-06-07"
"https://www.flipkart.com/zebronics-zeb-be380t-bluetooth-headset/p/itme0f4234fabb4b?pid=ACCEYKECAM5W65UG";615;"2021-06-07"
"https://www.flipkart.com/jbl-c50hi-wired-headset/p/itma30ec8d759057?pid=ACCFGWJ7YBRXD8J4";499;"2021-06-07"
"https://www.flipkart.com/zebronics-zeb-yoga-90-pro-wireless-neckband-black-bluetooth-headset/p/itm6f48392ce2c78?pid=ACCGFATM7JDEZQVD";1099;"2021-06-07"
"https://www.flipkart.com/sony-310ap-wired-headset/p/itm0527f8b27c68f?pid=ACCDQZAUQJUJ7CAG";949;"2021-06-07"
"https://www.flipkart.com/skullcandy-jib-plus-wireless-bluetooth-headset/p/itmf98563f36975d?pid=ACCFXYSSCJRDTZT5";1643;"2021-06-07"
"https://www.flipkart.com/zebronics-corolla-wired-headset/p/itme18067105b7b9?pid=ACCFV3WFMUYHNBAG";399;"2021-06-07"
"https://www.flipkart.com/sony-mdr-as210-black-wired-headset/p/itmfa85b68064d39?pid=ACCEZ6XNXNCUQVJA";1275;"2021-06-07"
"https://www.flipkart.com/boat-103-wireless-bluetooth-headset/p/itm7eddcb809c02e?pid=ACCFTYB6WK3NDQUG";1199;"2021-06-07"
"https://www.flipkart.com/boat-rockerz-400-super-extra-bass-bluetooth-headset/p/itm103892f012df3?pid=ACCERNEE9Y8UJJE5";1424;"2021-06-07"
"https://www.flipkart.com/jbl-live200bt-wireless-in-ear-neckband-bluetooth-headset/p/itm26789e9ccab64?pid=ACCF8CF76HQGGUVR";3299;"2021-06-07"
"https://www.flipkart.com/jbl-tune-110-wired-headset/p/itm896aa722396d0?pid=ACCEVCE6GY4QJASH";899;"2021-06-07"
"https://www.flipkart.com/sony-xb75-wired-headset/p/itme7bbd877b5693?pid=ACCEVAEWQDQZCUHF";3990;"2021-06-07"
"https://www.flipkart.com/jbl-reflect-mini-wired-headset/p/itm67b151808afd9?pid=ACCEZY4ZF83ZGS5Q";3499;"2021-06-07"
"https://www.flipkart.com/skullcandy-jib-headset-mic/p/itmdb190eff0b71b?pid=ACCEXQ6YHAXTCNQT";748;"2021-06-07"
"https://www.flipkart.com/zebronics-fashion-magnetic-bluetooth-earphone-mic-headset/p/itm010bc2fab467e?pid=ACCFDXR3HQRC4P6R";597;"2021-06-07"
"https://www.flipkart.com/boat-rockerz-560-bluetooth-headset/p/itma7cb2cfd740d9?pid=ACCFPZ85P7DQHRYU";1899;"2021-06-07"
"https://www.flipkart.com/sony-xb950b1-bluetooth-headset/p/itm0d2b4a676cbcf?pid=ACCETFVUQRBUWDYZ";12999;"2021-06-07"
"https://www.flipkart.com/skullcandy-ink-d-headset-mic/p/itma29806bcbbdb2?pid=ACCDDEHYDNKGJJHW";979;"2021-06-07"
"https://www.flipkart.com/zebronics-zeb-fusion-bluetooth-headset/p/itmbd6645f8f4f8a?pid=ACCFHGTV36KYH5VV";1190;"2021-06-07"
"https://www.flipkart.com/sony-mdr-ex15ap-violet-wired-headset/p/itm19ef30dd9e74a?pid=ACCEZ6ZFR8CEF2GC";880;"2021-06-07"
"https://www.flipkart.com/jbl-t205bt-bluetooth-headset/p/itm9168f847e02c9?pid=ACCF5R5JYGXDUTCV";1599;"2021-06-07"
"https://www.flipkart.com/skullcandy-cassette-wireless-bluetooth-without-mic-headset/p/itmb3b630c035154?pid=ACCFXYZRSRMXQDHT";2999;"2021-06-07"
"https://www.flipkart.com/boat-bassheads-103-red-wired-headset/p/itm6439b78809ed2?pid=ACCFGYHQDH6KJH6Y";399;"2021-06-07"
"https://www.flipkart.com/zebronics-zeb-duke-101-wireless-headphone-mic-bluetooth-headset/p/itm704b84a5067fe?pid=ACCGFJNKYZ5HEACP";1099;"2021-06-07"
"https://www.flipkart.com/skullcandy-indy-evo-bluetooth-headset/p/itm0d76527f055b4?pid=ACCFWGEHZ6NGJ2BH";6599;"2021-06-07"
"https://www.flipkart.com/zebronics-zeb-soul-bluetooth-headset/p/itm3906efc9290d0?pid=ACCFHRUDSPDYGPMT";2799;"2021-06-07"
"https://www.flipkart.com/boat-airdopes-381-asap-charge-bluetooth-headset/p/itm070fdb29954a7?pid=ACCFVGUUSVZUZDJA";1999;"2021-06-07"
"https://www.flipkart.com/jabra-elite-active-65t-copper-bluetooth-headset/p/itmfd299c62879e0?pid=ACCFHJZ5EPZFJ3F5";5999;"2021-06-07"
"https://www.flipkart.com/sennheiser-hd-599-wired-without-mic-headset/p/itmf746235258631?pid=ACCES9QD5ZJMHGRY";20990;"2021-06-07"
"https://www.flipkart.com/zebronics-zeb-lily-ear-design-wired-stereo-earphone-headset/p/itm22d28ed9f079a?pid=ACCFWVH8YCDYKHGN";401;"2021-06-07"
"https://www.flipkart.com/boat-bassheads-900-wired-headset/p/itmbc340a61d4f0e?pid=ACCEX3U2RXJFUGWG";799;"2021-06-07"
"https://www.flipkart.com/sennheiser-cx-400bt-bluetooth-headset/p/itmc5f185ea1102a?pid=ACCFVGUUTFAMBHYK";16990;"2021-06-07"
"https://www.flipkart.com/zebronics-zeb-ease-wired-headset/p/itm48b5f4427b172?pid=ACCFHGTVT7ARBWNQ";210;"2021-06-07"
"https://www.flipkart.com/jbl-live-300tws-bluetooth-headset/p/itm0d815bf5ed5d6?pid=ACCFSZGY3NKTECEY";7999;"2021-06-07"
"https://www.flipkart.com/jabra-elite-active-75t-noise-cancellation-enabled-bluetooth-headset/p/itm4040e9747f287?pid=ACCFTNYZ9ZKEFNSN";13499;"2021-06-07"
"https://www.flipkart.com/zebronics-orion-wired-gaming-headset/p/itm6dc8cbdfce057?pid=ACCF29NFD9BAKVJM";2799;"2021-06-07"
"https://www.flipkart.com/zebronics-zeb-emz10-wired-headset/p/itmd972646a5410c?pid=ACCFGZGFJFGTZYUH";222;"2021-06-07"
"https://www.flipkart.com/boat-airdopes-201-earbuds-bluetooth-headset/p/itm688a57137c42d?pid=ACCFSDGS9UV8JM2X";1999;"2021-06-07"
"https://www.flipkart.com/zebronics-zeb-emz10-wired-headset/p/itma3c377ffda062?pid=ACCFGWFYYHQKHHM7";199;"2021-06-07"
"https://www.flipkart.com/jbl-e55bt-bluetooth-headset/p/itm26748df02edd9?pid=ACCFYXN839GNDHEN";5899;"2021-06-07"
"https://www.flipkart.com/zebronics-zeb-sporty-bluetooth-headset/p/itm0c10cb8492f32?pid=ACCFDHYXGEYHZAFN";775;"2021-06-07"
"https://www.flipkart.com/skullcandy-cassette-wireless-bluetooth-headset/p/itmbc3d7fed1106a?pid=ACCFXYHKNFYFWHUV";2999;"2021-06-07"
"https://www.flipkart.com/jbl-t110btblu-bluetooth-headset/p/itmf9716c02bfbaa?pid=ACCGYMDSSYSEGDZV";1748;"2021-06-07"
"https://www.flipkart.com/sony-wf-1000xm3-extra-bass-driver-earbuds-phone-calls-waterproof-bluetooth-gaming-headset/p/itm2c92d6ed4037f?pid=ACCG2UFAZSWCDCTG";17990;"2021-06-07"
"https://www.flipkart.com/boat-rockerz-255f-pro-fast-charging-bluetooth-headset/p/itmadf4cee6c4a35?pid=ACCFZ5FXFCWRDEHH";1399;"2021-06-07"
"https://www.flipkart.com/jbl-quantum-100-wired-gaming-headset/p/itma9e4d622cc0a3?pid=ACCFSKBYFZKMMHPH";2499;"2021-06-07"
"https://www.flipkart.com/boat-rockerz-255f-pro-bluetooth-headset/p/itmde491a0f81b2c?pid=ACCFZ95M5JTZQH3F";1499;"2021-06-07"
"https://www.flipkart.com/boat-airdopes-131-bluetooth-headset/p/itm85c3bf2d839db?pid=ACCFYTY2YGHDRYU8";1299;"2021-06-07"
"https://www.flipkart.com/jbl-t160bt-bluetooth-headset/p/itmef0b2ece7a7a0?pid=ACCF5R5JUCZEZHZZ";1699;"2021-06-07"
"https://www.flipkart.com/boat-bassheads-100-wired-headset/p/itm46484f120aab8?pid=ACCEVQZABYWJHRHF";393;"2021-06-07"
"https://www.flipkart.com/boat-bassheads-242-wired-headset/p/itm4692a619b32f5?pid=ACCFUXTXY6PRYFFD";549;"2021-06-07"
"https://www.flipkart.com/jbl-endurance-run-wired-headset/p/itm0676812160a4e?pid=ACCF8CF7RTYKYUMF";1090;"2021-06-07"
"https://www.flipkart.com/jbl-live200bt-wireless-in-ear-neckband-bluetooth-headset/p/itm3311c700c2b9a?pid=ACCF8CF7XUFJJYWA";3499;"2021-06-07"
"https://www.flipkart.com/sony-mdr-as210-open-ear-active-sports-headphones/p/itm51b700c296bd1?pid=ACCEMGPPMGXK2CMM";799;"2021-06-07"
"https://www.flipkart.com/sony-xb510-wired-headset/p/itmd8a27afb1fdeb?pid=ACCESKHAG5CDCYQG";2990;"2021-06-07"
"https://www.flipkart.com/zebronics-zeb-paradise-portable-wireless-bluetooth-headset/p/itm9f3910b7a805d?pid=ACCFVEASPS2GZAJZ";940;"2021-06-07"
"https://www.flipkart.com/skullcandy-anti-headphone/p/itmd0ab8f36d342d?pid=ACCEM92UURMZB5UQ";999;"2021-06-07"
"https://www.flipkart.com/zebronics-zeb-colt-wired-headset/p/itm97584ae54ce2e?pid=ACCG2ZNYVCGFZHJA";549;"2021-06-07"
"https://www.flipkart.com/boat-airdopes-431-bluetooth-headset/p/itmdd589b580019f?pid=ACCFZGBGWUDFHRMC";1999;"2021-06-07"
"https://www.flipkart.com/jbl-tune-225tws-bluetooth-headset/p/itm36dbf36adb5d4?pid=ACCFTWYUQP6BZTZP";8499;"2021-06-07"
"https://www.flipkart.com/zebronics-zeb-winner-wired-headset/p/itm09ec20997f8d3?pid=ACCFTAZPPPZJZ9KH";410;"2021-06-07"
"https://www.flipkart.com/jbl-live-220bt-bluetooth-headset/p/itm69420400e4e86?pid=ACCFKFZDYHZDXUPD";3989;"2021-06-07"
"https://www.flipkart.com/boat-bassheads-100-mi-wired-headset/p/itm23233f6e8bad4?pid=ACCFEHFYE48JUPTX";939;"2021-06-07"
"https://www.flipkart.com/boat-rockerz-600-hd-sound-bluetooth-headset/p/itm2f46df6ccd9c7?pid=ACCEZ98442AZKA4W";1999;"2021-06-07"
"https://www.flipkart.com/boat-airdopes-381-bluetooth-headset/p/itmf080b41286b75?pid=ACCFSDGSJTWSWHYD";1999;"2021-06-07"
"https://www.flipkart.com/skullcandy-sesh-evo-bluetooth-headset/p/itm2db476f580567?pid=ACCGYZHQPYHFQAMT";4999;"2021-06-07"
"https://www.flipkart.com/zebronics-evolve-bluetooth-headset/p/itm4538288fbbfe2?pid=ACCGFAH3RW3GBQNA";799;"2021-06-07"
"https://www.flipkart.com/zebronics-built-fm-radio-supports-microsd-aux-bluetooth-headset/p/itmba31837f28c98?pid=ACCFBB8KDRVQEAPR";815;"2021-06-07"
"https://www.flipkart.com/jbl-club-one-bluetooth-headset/p/itme85812f6fb710?pid=ACCFVM2AYJB6FXZP";22999;"2021-06-07"
"https://www.flipkart.com/zebronics-zeb-magic-wired-headset/p/itmbb7c956fa8de3?pid=ACCFZQEWEHHVHWKX";327;"2021-06-07"
"https://www.flipkart.com/jbl-live-500bt-voice-enabled-bluetooth-headset/p/itm08cb36643b0ea?pid=ACCFFMVS4M9VZ3PM";6999;"2021-06-07"
"https://www.flipkart.com/zebronics-zeb-yoga-bluetooth-headset/p/itmafacbe94ac086?pid=ACCFUUBYQZUBCBPD";1449;"2021-06-07"
"https://www.flipkart.com/boat-airdopes-402-bluetooth-headset/p/itmf1e74e42ff7ec?pid=ACCFSDGSYTH8XV7A";1799;"2021-06-07"
"https://www.flipkart.com/boat-airdopes-131-bluetooth-headset/p/itm37f91a4cceee2?pid=ACCFSDGX68PUKJYE";1299;"2021-06-07"
"https://www.flipkart.com/zebronics-evolve-bluetooth-headset/p/itm74055a2767b4f?pid=ACCGFAH9SZFJ6XPW";799;"2021-06-07"
"https://www.flipkart.com/zebronics-8-bit-gaming-headphone-wired-headset/p/itm78dd1956457e9?pid=ACCF5TDPRPJYZJDR";1459;"2021-06-07"
"https://www.flipkart.com/zebronics-zeb-metallic-supports-micro-sd-bluetooth-headset/p/itmd61f2f2ed097b?pid=ACCFEGHPZAH2D5XN";798;"2021-06-07"
"https://www.flipkart.com/jbl-endurance-run-wired-headset/p/itmc93a89d615260?pid=ACCF8CF7WHG8A3ZG";1049;"2021-06-07"
"https://www.flipkart.com/boat-bassheads-172-wired-headset/p/itm5a3e95f2b84de?pid=ACCFDJ7MQXGSDGNM";499;"2021-06-07"
"https://www.flipkart.com/boat-rockerz-255f-bluetooth-headset/p/itma52e13bf98397?pid=ACCF6SZQPJ7VNMHC";1199;"2021-06-07"
"https://www.flipkart.com/jbl-t500-bluetooth-headset/p/itmd505d61c23b35?pid=ACCFA2PPHMFS853G";2999;"2021-06-07"
"https://www.flipkart.com/zebronics-zeb-zoom-bluetooth-headset/p/itm0ef000ed4a95f?pid=ACCFNMD6ZQ7GBYDD";1145;"2021-06-07"
"https://www.flipkart.com/skullcandy-ink-d-plus-wireless-bluetooth-headset/p/itm84de71a61c328?pid=ACCFGGXVCFVHTDHR";2789;"2021-06-07"
"https://www.flipkart.com/sony-c400bluetoothblack-bluetooth-headset/p/itmcf995b3852dee?pid=ACCFA72JEFAUGM3F";3990;"2021-06-07"
"https://www.flipkart.com/jbl-endurance-sprint-bluetooth-headset/p/itm8ba8480ac7c93?pid=ACCF8CF7YY8CYNW7";3299;"2021-06-07"
"https://www.flipkart.com/jbl-endurance-run-wired-headset/p/itm986ac99223a4b?pid=ACCF8CF7VGXFUFPX";1199;"2021-06-07"
"https://www.flipkart.com/zebronics-zeb-emz10-wired-headset/p/itmd01e7147de5a3?pid=ACCFKFNKF2DZZTYC";180;"2021-06-07"
"https://www.flipkart.com/skullcandy-riff-bt-bluetooth-headset/p/itm720d1910755dc?pid=ACCFABMAZWHHPPQ2";4269;"2021-06-07"
"https://www.flipkart.com/zebronics-tarang-bluetooth-without-mic-headset/p/itm4287bd03f27c2?pid=ACCERA4YZEE4UJVV";975;"2021-06-07"
"https://www.flipkart.com/sony-ex155ap-wired-headset/p/itm7a030771cd2ec?pid=ACCF79S3AGF5NNWP";1225;"2021-06-07"
"https://www.flipkart.com/zebronics-zeb-buds-10-wired-headset/p/itm41a1af58e2bdb?pid=ACCFY8KESZDHHUKX";460;"2021-06-07"
"https://www.flipkart.com/jbl-jbllive200btred-bluetooth-headset/p/itm5f3c5a799f307?pid=ACCF9CWBEZPBZRM2";3549;"2021-06-07"
"https://www.flipkart.com/boat-bassheads-172-wired-headset/p/itm2406ebf4fbbc2?pid=ACCFDJ52USCAUHHZ";499;"2021-06-07"
"https://www.flipkart.com/zebronics-flex-bluetooth-headset/p/itm30a54b7a846b8?pid=ACCFAYYUGCUH4GK2";597;"2021-06-07"
"https://www.flipkart.com/sennheiser-hd-4-30g-wired-without-mic-headset/p/itm02d45bdd10c31?pid=ACCES9QCAWN7UHDA";7990;"2021-06-07"
"https://www.flipkart.com/sony-xb450-wired-without-mic-headset/p/itm57547da6828f7?pid=ACCDZRE8YWQUNVKG";2199;"2021-06-07"
"https://www.flipkart.com/boat-rockerz-255f-pro-fast-charging-bluetooth-headset/p/itme2c541191745c?pid=ACCFMZ2GXGNHPG7M";1399;"2021-06-07"
"https://www.flipkart.com/sennheiser-cx-350bt-bluetooth-headset/p/itm527c4a380789c?pid=ACCFNUCYCYGJUEZJ";5990;"2021-06-07"
"https://www.flipkart.com/zebronics-zeb-calyx-wired-headset/p/itmbc538fbb38d61?pid=ACCFKTFQKGMVFWW9";220;"2021-06-07"
"https://www.flipkart.com/boat-airdopes-381-asap-charge-bluetooth-headset/p/itm322e4b02d3e6d?pid=ACCFVGUUNWK5RXQY";1999;"2021-06-07"
"https://www.flipkart.com/skullcandy-anti-headphone/p/itm4a6a7ea9fd198?pid=ACCEMA2ZBEPCBWZV";999;"2021-06-07"
"https://www.flipkart.com/jbl-c150si-wired-headset/p/itme30a606bdfa6b?pid=ACCEHDJBEJSQYYKU";664;"2021-06-07"
"https://www.flipkart.com/jbl-tune-750btnc-bluetooth-headset/p/itm1c056e07fa390?pid=ACCFMJBJRTJQSXGP";5699;"2021-06-07"
"https://www.flipkart.com/sony-wh-h910n-active-noise-cancellation-enabled-bluetooth-headset/p/itmbdd97237edda2?pid=ACCFZ9ZYT262ZXGV";17990;"2021-06-07"
"https://www.flipkart.com/boat-100-wireless-neckband-bt-5-0-ipx4-bluetooth-headset/p/itm55d0b3f80d19f?pid=ACCFGAAZ8DGTZMPW";1424;"2021-06-07"
"https://www.flipkart.com/sony-xb450ap-wired-headset/p/itm91f0def1604d4?pid=ACCE4BHHFJXWKECY";2099;"2021-06-07"
"https://www.flipkart.com/jbl-e55bt-bluetooth-headset/p/itm727676b32e4c2?pid=ACCFYXN8SUSYTHUX";5899;"2021-06-07"
"https://www.flipkart.com/zebronics-zb-bo-wired-headset/p/itm18bfaeb737892?pid=ACCFMAZ52XGYGMZ2";255;"2021-06-07"
"https://www.flipkart.com/zebronics-zeb-slinger-bluetooth-headset/p/itmce692c3c3feda?pid=ACCFZHZADH2U9BRZ";899;"2021-06-07"
"https://www.flipkart.com/zebronics-zeb-duke-101-wireless-headphone-mic-bluetooth-headset/p/itmf20c59767f451?pid=ACCGFJNWVYPJYV8W";1099;"2021-06-07"
"https://www.flipkart.com/boat-airdopes-381-asap-charge-bluetooth-headset/p/itm87266327064b4?pid=ACCFVGUUWF3AE2J3";1999;"2021-06-07"
"https://www.flipkart.com/sennheiser-hdr-185-bluetooth-without-mic-headset/p/itm83b5567f79438?pid=ACCERX8HDZJVBAYA";15933;"2021-06-07"
"https://www.flipkart.com/bose-noise-cancelling-700-anc-enabled-bluetooth-headset/p/itma57a01d3bd591?pid=ACCFGYZEVVGYM8FP";34500;"2021-06-07"
